-- phpMyAdmin SQL Dump
-- version 4.6.5.2
-- https://www.phpmyadmin.net/
--
-- Host: 127.0.0.1
-- Generation Time: Oct 24, 2017 at 07:57 AM
-- Server version: 10.1.21-MariaDB
-- PHP Version: 5.6.30

SET SQL_MODE = "NO_AUTO_VALUE_ON_ZERO";
SET time_zone = "+00:00";


/*!40101 SET @OLD_CHARACTER_SET_CLIENT=@@CHARACTER_SET_CLIENT */;
/*!40101 SET @OLD_CHARACTER_SET_RESULTS=@@CHARACTER_SET_RESULTS */;
/*!40101 SET @OLD_COLLATION_CONNECTION=@@COLLATION_CONNECTION */;
/*!40101 SET NAMES utf8mb4 */;

--
-- Database: `duangsettee`
--

-- --------------------------------------------------------

--
-- Table structure for table `ach_bank`
--

CREATE TABLE `ach_bank` (
  `id` int(11) NOT NULL,
  `name` varchar(300) NOT NULL
) ENGINE=InnoDB DEFAULT CHARSET=utf8;

--
-- Dumping data for table `ach_bank`
--

INSERT INTO `ach_bank` (`id`, `name`) VALUES
(1, 'ธนาคารกสิกรไทย ลาดพร้าว 67 ออมทรัพย์ บจก. เอชานซ์ 074-2-68344-3'),
(2, 'ธนาคารไทยพาณิชย์ ลาดพร้าว 59 ออมทรัพย์ บจก. เอชานซ์ 010-2-99842-6');

-- --------------------------------------------------------

--
-- Table structure for table `ach_contact`
--

CREATE TABLE `ach_contact` (
  `id` int(11) NOT NULL,
  `address` varchar(500) NOT NULL,
  `tel` varchar(20) NOT NULL,
  `mobile` varchar(20) NOT NULL,
  `fax` varchar(20) NOT NULL,
  `email` varchar(100) NOT NULL,
  `time_open` varchar(255) NOT NULL,
  `pic_address` varchar(255) NOT NULL
) ENGINE=InnoDB DEFAULT CHARSET=utf8;

--
-- Dumping data for table `ach_contact`
--

INSERT INTO `ach_contact` (`id`, `address`, `tel`, `mobile`, `fax`, `email`, `time_open`, `pic_address`) VALUES
(1, '3/2 ซ.ลาดพร้าว 69 ถ.ลาดพร้าว แขวงสะพานสอง เขตวังทองหลาง กรุงเทพฯ 10310', '02-276-5260', '089-665-3599', '02-933-0969', 'info@achance.co.th, achancelearning@gmail.com', 'เวลาทำการ 9.00 - 17.00 น. หยุดทุกวันอังคาร', '25052017051944ac-map.jpg');

-- --------------------------------------------------------

--
-- Table structure for table `ach_course`
--

CREATE TABLE `ach_course` (
  `id` int(11) NOT NULL,
  `img` varchar(255) NOT NULL,
  `topic` varchar(200) NOT NULL,
  `date` varchar(100) NOT NULL,
  `content` longtext NOT NULL,
  `date_course` varchar(100) NOT NULL,
  `place_course` varchar(100) NOT NULL,
  `type_course` varchar(100) NOT NULL,
  `sort` int(11) NOT NULL,
  `status` varchar(100) NOT NULL,
  `title_tag` varchar(100) NOT NULL,
  `meta_description` varchar(300) NOT NULL,
  `meta_keyword` varchar(300) NOT NULL,
  `og_url` varchar(255) NOT NULL,
  `og_type` varchar(255) NOT NULL,
  `og_title` varchar(255) NOT NULL,
  `og_description` varchar(255) NOT NULL,
  `og_image` varchar(255) NOT NULL
) ENGINE=InnoDB DEFAULT CHARSET=utf8;

--
-- Dumping data for table `ach_course`
--

INSERT INTO `ach_course` (`id`, `img`, `topic`, `date`, `content`, `date_course`, `place_course`, `type_course`, `sort`, `status`, `title_tag`, `meta_description`, `meta_keyword`, `og_url`, `og_type`, `og_title`, `og_description`, `og_image`) VALUES
(48, 'ca2130c0bbec9ae991b7110e35dd0db6.jpg', 'การทำผลิตภัณฑ์ทำความสะอาดเครื่องสำอางบนใบหน้า (Cleanser)', '8/6/2017', '&nbsp; &nbsp; &nbsp; &nbsp; &nbsp; การเลือกผลิตภัณฑ์ทำความสะอาดเครื่องสำอาง &nbsp;มีความสำคัญไม่น้อยไปกว่าการเลือกเครื่องสำอางค์ที่ดีและเหมาะสมสำหรับผิวหน้า &nbsp; เพราะสภาพผิวหน้าแต่ละคนไม่เหมือนกัน &nbsp;ผลิตภัณฑ์ล้างเครื่องสำอางค์ จึงถูกคิดค้นให้มีความหลากหลาย &nbsp;และเหมาะสมตามสภาพผิวแต่ละแบบ &nbsp; .... &nbsp; ยิ่งเครื่องสำอางค์ในท้องตลาดมีเพิ่มขึ้นเท่าไหร่ &nbsp;ความต้องการผลิตภัณฑ์ล้างเครื่องสำอางค์ย่อมมีสูงขึ้นตามมา &nbsp; &nbsp; การจ้างโรงงานผลิตเป็นเรื่องง่าย &nbsp;แต่ผลิตภัณฑ์ที่ออกสู่ท้องตลาดนั้น &nbsp;เราไม่ทราบได้เลยว่ามีความเหมาะสมมากน้อยเพียงใด &nbsp;รวมถึงสูตรที่ใช้ในการผลิต &nbsp;ที่เป็นมาตรฐานของโรงงาน &nbsp;ซึ่งผู้จ้างวานหรือเจ้าของสินค้าควรมีความรู้พืันฐานเกี่ยวกับส่วนผสมที่ใช้ในการผลิต ผลิตภัณฑ์ล้างเครื่องสำอางค์ &nbsp;เพื่อให้สามารถปรับปรุงพัฒนาสูตรให้ดียิ่งขึ้น &nbsp;และตอบโจทย์ตลาดได้มากขึ้น &nbsp; รวมทั้งสามารถสร้างสรรค์ผลิตภัณฑ์ที่เป็นเอกลักษณ์ และเข้าถึงผู้บริโภคได้มากยิ่งขึ้น<br />\r\n<br />\r\nคอร์ส การทำผลิตภัณฑ์ทำความสะอาดเครื่องสำอางบนใบหน้า (Cleanser) &nbsp; ท่านจะได้พบกับ.....<br />\r\n<br />\r\n<u><strong>ภาคบรรยาย</strong></u><br />\r\n1.ความรู้เบื้องต้นเครื่องสำอาง ประเภทต่างๆของผลิตภัณฑ์ทำความสะอาด<br />\r\n2.ความรู้เบื้องต้นเกี่ยวกับวัตถุดิบที่ใช้ผลิตผลิตภัณฑ์ทำความสะอาด<br />\r\n3.การพัฒนาสูตรเพื่อเพิ่มมูลค่าให้กับผลิตภัณฑ์ให้สอดคล้องกับตลาดปัจจุบัน<br />\r\n4.การตั้งสูตรตำรับ<br />\r\n5.การทดสอบความคงตัวของผลิตภัณฑ์<br />\r\n<br />\r\n<u><strong>ภาคปฏิบัติ</strong></u><br />\r\n1. High Moisture Snail Cleansing Water ผลิตภัณฑ์เช็ดเครื่องสำอางปราศจากน้ำมัน เหมาะสำหรับผิวแพ้ง่ายและผิวมัน ลดการอุดตันของสิ่งสกปรกที่ตกค้างและยังช่วยเพิ่มความชุ่มชื้นแก่ผิวหน้าจากสารสกัดเมือกหอยทากปราศจากน้ำหอมที่ก่อให้เกิดการแพ้ได้ง่าย<br />\r\n2. Cleansing Oil น้ำมันนวดเช็ดล้างเครื่องสำอาง เหมาะสำหรับผู้ที่แต่งหน้าจัดและใช้เครื่องสำอางที่ป้องกันน้ำสูง ใช้นวดใบหน้าก่อนใช้สำลีเช็ดออก เหมาะสำหรับผิวแห้ง ทั้งยังมีส่วนผสมของ Squalane ซึ่งเป็นน้ำมันที่มีประโยชน์ต่อผิวลดการเกิดริ้วรอย และไม่ทำให้หน้ามันจนเกินไป<br />\r\n3. Cleansing Squalane Milk ผลิตภัณฑ์เช็ดล้างเครื่องสำอางในรูปแบบน้ำนมเมื่อถูกน้ำ ผลิตภัณฑ์อยู่ในรูปแบบน้ำมันเมื่อนวดเสร็จล้างออกจะออกมาในรูปน้ำนม สามารถใช้ล้างกับน้ำเปล่าได้เลยโดยไม่ต้องล้างกับโฟมล้างหน้าซ้ำ<br />\r\n4. Aloe Vera Cleansing Cream ผลิตภัณฑ์เช็ดล้างเครื่องสำอางในรูปแบบเนื้อครีม ใช้งานง่ายสามารถล้างสิ่งสกปรกทั่วใบหน้าได้สะอาดหมดจดผสมสารสกัดว่านหางจระเข้ช่วยเพิ่มความชุ่มชื้นอีกทั้งยังช่วยลดการเกิดริ้วรอยก่อนวัยอันควร<br />\r\n5. Cleansing Cream with Scrub ผลิตภัณฑ์เช็ดล้างเครื่องสำอางในรูปแบบเนื้อครีมที่มาพร้อมเม็ดสครับช่วยขัดเซลล์ผิวที่ตายแล้วออกพร้อมกับสิ่งสกปรก ใช้งานง่ายสามารถล้างสิ่งสกปรกทั่วใบหน้าได้สะอาดหมดจด<br />\r\n<br />\r\n<strong>**สอนโดยนักวิทยาศาสตร์เครื่องสำอาง**<br />\r\n**เน้นให้ผู้เรียนปฏิบัติด้วยตนเอง &nbsp; ไม่มีการแนะนำจำหน่ายวัตถุดิบในคลาส**</strong><br />\r\n----------------------------------------------------<br />\r\nวันเสาร์ที่ 24 มิถุนายน 2560<br />\r\nเวลา 9.00น. - 16.00 น.<br />\r\nสถานที่ &nbsp; เอชานซ์ &nbsp;อาคารไนซ์ ทาวเวอร์2 &nbsp; ถ.รัชดาภิเษก<br />\r\n----------------------------------------------------<br />\r\nราคา 4,500 บาท<br />\r\n<br />\r\n<strong>Promotion Early Bird!</strong><br />\r\n<strong>ลงทะเบียนภายในวันที่ 17 มิถุนายน 2560 &nbsp;รับส่วนลด 5% เหลือ 4,275 บาท</strong><br />\r\n<br />\r\n*** ลงทะเบียนคู่กับคอร์ส &quot;การทำผลิตภัณฑ์ลิปสติกและบำรุงริมฝีปาก&quot;&nbsp;<br />\r\nราคาพิเศษเพียง &nbsp;8,000 บาท ****&nbsp;<br />\r\n<br />\r\n<strong>ผู้เข้าอบรมได้รับใบประกาศนียบัตร หลังเข้ารับการอบรม</strong><br />\r\n---------------------------------------<br />\r\nสอบถามรายละเอียดเพิ่มเติม หรือลงทะเบียนได้ที่<br />\r\n089-6653599<br />\r\n02-2765260<br />\r\nLine id : achancelearning<br />\r\n<br />\r\n<br />\r\nหมายเหตุ&nbsp;*&nbsp;กรณีมีการยกเลิกหรือเลื่อนการอบรม จะแจ้งล่วงหน้าก่อนการฝึกอบรม&nbsp;7 วัน , หากมีการจองตั๋วรถ/เครื่องบิน ทางสถาบันฯ ไม่รับผิดชอบค่าใช้จ่ายที่เกิดขึ้นทุกกรณี<br />\r\n<br />\r\n$สอนละเอียด &nbsp; $เข้าใจง่าย &nbsp; &nbsp;$นำไปใช้ได้จริง<br />\r\nwww.achance.co.th', 'เสาร์ที่ 24 มิถุนายน 2560', 'สถาบันเอชานซ์ อาคารไนซ์ 2  ซ.รุ่งเรือง ถ.รัชดาภิเษก', 'สุขภาพ ความงาม', 1, 'เปิด', 'ccc,ccc,ccc', 'ccc,ccc,ccc', 'ccc,ccc,ccc', 'q3', 'q3', 'q3', 'q3', 'q3'),
(49, 'ca2130c0bbec9ae991b7110e35dd0db6.jpg', 'การทำผลิตภัณฑ์เวชสำอางค์ (Cosmeceuticals)', '6/6/2017', '&nbsp; &nbsp; &nbsp; &nbsp; &nbsp; ปัจจุบันนี้ &nbsp;ผลิตภัณฑ์ครีม มีความหลากหลาย และองค์ประกอบซับซ้อนกว่าผลิตภัณฑ์รุ่นเดิมมาก &nbsp; &nbsp; &nbsp; การแข่งขันในตลาดเครื่องสำอางค์ &nbsp;ทำให้ผลิตภัณฑ์ครีมและโลชั่น ต้องปรับตัวให้ทันไลฟ์สไตล์ของคนยุคนี้ &nbsp; &nbsp;ครีมของยุคนี้ &nbsp;จะต้องเห็นผลไว &nbsp;ปลอดภัย &nbsp;ไม่มีผลข้างเคียง &nbsp; ดังนั้น เพื่อให้ได้มาซึ่งผลลัพธ์ตามที่ต้องการ ผู้บริโภคจึงหันมาให้ความสนใจกับ &quot;ผลิตภัณฑ์เวชสำอาง&quot; มากขึ้น .... &nbsp;ผลิตภัณฑ์เวชสำอางค์ &nbsp;จัดอยู่กึ่งกลางระหว่างยา กับเครื่องสำอาง &nbsp; เป็นการเติมสารบำรุงผิวแบบเข้มข้นเข้าไปในเนื้อครีม &nbsp;สามารถให้ผลของการบำรุง แบบรวดเร็ว &nbsp;ยับยั้งหรือลดการเกิดสิวอักเสบได้อย่างมีประสิทธิภาพ &nbsp;ตอบโจทย์การใช้ชีวิตของผู้คนในยุคปัจจุบัน &nbsp;ถึงราคาจะอยู่ในเกณฑ์ค่อนข้างสูง &nbsp;แต่ผู้บริโภคก็ยินดีที่จะจ่าย &nbsp;เพื่อให้ได้มาซึ่งผลลัพธ์ที่ต้องการ &nbsp; ดังนั้น ผู้ผลิต จึงหันมาสนใจผลิตครีมประเภทเวชสำอางค์ &nbsp;เพื่อตอบโจทย์ความต้องการของลูกค้าที่เพิ่มสูงขึ้นเรื่อยๆ &nbsp; อีกทั้งยังสามารถปรับสูตรให้มีลูกเล่น และมีความหลากหลายของเนื้อครีมได้อีกมาก<br />\r\n<br />\r\n<u><strong>วัตถุประสงค์</strong></u><br />\r\n1. ผู้เรียนมีความรู้เบื้องต้นเกี่ยวกับเครื่องสำอาง ผิวหนัง<br />\r\n2. ผู้เรียนสามารถจำแนกความแตกต่างระหว่างเครื่องสำอางค์และผลิตภัณฑ์เวชสำอางค์ได้<br />\r\n3. ผู้เรียนมีความรู้เบื้องต้นเกี่ยวกับผลิตภัณฑ์ที่ใช้เป็นส่วนประกอบในการทำผลิตภัณฑ์เวชสำอางค์<br />\r\n4. ผู้เรียนสามารถทำผลิตภัณฑ์เวชสำอางค์ด้วยตัวเอง<br />\r\n5. ผู้เรียนสามารถพัฒนาสูตรของผลิตภัณฑ์ ให้เป็นสูตรตามแนวทางของตนเองได้<br />\r\n<br />\r\n<strong><u>ภาคบรรยาย</u></strong><br />\r\n1. ความรู้เบื้องต้นเกี่ยวกับเครื่องสำอาง<br />\r\n2. ความรู้เบื้องต้นเกี่ยวกับผิวหนัง<br />\r\n3. ความแตกต่างระหว่างเครื่องสำอางและเวชสำอาง<br />\r\n4. ความรู้เบื้องต้นเกี่ยวกับวัตถุดิบที่ใช้ในผลิตภัณฑ์<br />\r\n5. การพัฒนาสูตรเพื่อเพิ่มมูลค่าให้กับผลิตภัณฑ์ให้สอดคล้องกับตลาดปัจจุบัน<br />\r\n6. การตั้งสูตรตำรับและการทดสอบความคงตัวของผลิตภัณฑ์<br />\r\n7. แนะนำการยื่นขอเลขที่จดแจ้ง<br />\r\n8. แนะนำแหล่งซื้อวัสดุอุปกรณ์<br />\r\n<br />\r\n<u><strong>ภาคปฏิบัติ</strong></u><br />\r\n1. Vit C Serum For Lightening &nbsp;เซรั่มเนื้อบางเบา ซึมง่าย บำรุงผิวหน้าจากวิตามินซีจากธรรมชาติเข้มข้น ช่วยบำรุง ดูแลผิวหน้าให้ดูขาว กระจ่างใสขึ้น และไม่ก่อให้เกิดการแพ้<br />\r\n2. Tree Tea Oil Anti-Acne Gel &nbsp; เจลแต้มสิวอักเสบจากธรรมชาติลดการอักเสบของสิวและไม่ก่อให้เกิดสิวซ้ำ ใช้ง่ายแต้มเฉพาะจุด เนื้อเจลซึมเร็วและมีประสิทธิภาพ<br />\r\n3. Anti-Oxidant Facial Cream &nbsp; ครีมบำรุงผิวหน้าช่วยป้องกันผิวจากสารอนุมูลอิสระต่างๆ ที่เป็นสาเหตุการเกิดริ้วรอยก่อนวัย สามารถใช้ได้ทั้งกลางวันและกลางคืนเนื้อครีมเหนียวเหนอะหนะ&nbsp;<br />\r\n4. White Perfect Facial Cream &nbsp;ครีมบำรุงผิวหน้าที่เพิ่มความขาวกระจ่างใส ผิวแลดูสุขภาพดีเมื่อใช้เป็นประจำ&nbsp;<br />\r\n5. Deep Moisture Facial Cream ครีมกลางคืนบำรุงผิวหน้าเหมาะสำหรับคนผิวแห้งที่ช่วยเพิ่มน้ำแก่ผิวให้ผิวเนียน นุ่ม ชุ่มชื้นและมีสุขภาพดี<br />\r\n<br />\r\n<strong>**สอน และควบคุมการฝึกปฏิบัติ โดยนักวิทยาศาสตร์เครื่องสำอาง **</strong><br />\r\n<br />\r\n<strong>***การสอนเน้นให้ผู้เรียนปฏิบัติด้วยตนเอง &nbsp; &nbsp;ไม่มีการโฆษณาจำหน่ายวัตถุดิบใดๆ***</strong><br />\r\n----------------------------------------<br />\r\n<u><strong>คุณสมบัติผู้เข้าอบรม&nbsp;</strong></u>&nbsp;: &nbsp;นักธุรกิจ, พนักงานประจำ, เจ้าของกิจการ, &nbsp;เจ้าของคลินิกความงาม, &nbsp;และผู้สนใจทั่วไป<br />\r\n<br />\r\n<u><strong>ค่าลงทะเบียน</strong></u>&nbsp; : &nbsp;4,900 บาท (รวมค่าวัสดุอุปกรณ์ &nbsp;วัตถุดิบ &nbsp;คู่มือประกอบการเรียน &nbsp;สูตร &nbsp;อาหารว่างและอาหารกลางวัน)<br />\r\n<br />\r\n<strong>** Promotion Early Bird **</strong><br />\r\nลงทะเบียนก่อนวันที่ 10 มิถุนายน &nbsp;รับส่วนลด 5% &nbsp;เหลือเพียง &nbsp;4,655 บาท<br />\r\n<br />\r\n<strong>*** ลงทะเบียน 2 ท่าน พร้อมกัน &nbsp;รับส่วนลด 10% ***</strong><br />\r\n<br />\r\n<strong>ผู้เข้าอบรมได้รับใบประกาศนียบัตร หลังเข้ารับการอบรม</strong><br />\r\n---------------------------------------<br />\r\nสอบถามรายละเอียดเพิ่มเติม หรือลงทะเบียนได้ที่<br />\r\n089-6653599<br />\r\n02-2765260<br />\r\nLine id : achancelearning<br />\r\n<br />\r\n<br />\r\nหมายเหตุ&nbsp;*&nbsp;กรณีมีการยกเลิกหรือเลื่อนการอบรม จะแจ้งล่วงหน้าก่อนการฝึกอบรม&nbsp;7 วัน , หากมีการจองตั๋วรถ/เครื่องบิน ทางสถาบันฯ ไม่รับผิดชอบค่าใช้จ่ายที่เกิดขึ้นทุกกรณี', 'อาทิตย์ที่ 18 มิถุนายน 2560', 'สถาบันเอชานซ์ อาคารไนซ์ 2  ซ.รุ่งเรือง ถ.รัชดาภิเษก', 'สุขภาพ ความงาม', 2, 'เปิด', 'bbb,bbb,bbb', 'bbb,bbb,bbb', 'bbb,bbb,bbb', 'q2', 'article', 'q2', 'q2', 'q2'),
(50, '9cb4205bfe207e2511aa607f11dc9c9c.jpg', 'การทำธุรกิจกาแฟสด (Basic Barista Class)', '6/6/2017', '<p><strong><u>หลักการและเหตุผล</u></strong>&nbsp;<br />\r\n&nbsp; &nbsp; &nbsp;หากต้องการมีกิจการเป็นของตนเอง &nbsp;หลายคนจะนึกถึงธุรกิจร้านกาแฟสดเป็นอันดับแรก &nbsp; &nbsp;แน่นอนว่าธุรกิจร้านกาแฟสด &nbsp;ก็ยังคงได้รับความนิยมเช่นนี้ไปอีกนาน ... แต่ถ้าถามว่า &nbsp;ร้านกาแฟสดที่เปิดใหม่ &nbsp;มีสักกี่ร้านที่สามารถประคับประคองตัวเอง &nbsp;และขยายฐานลูกค้าได้มากขึ้นๆ จนสามารถอยู่รอดได้ ... &nbsp;อาจจะมีไม่เกิน 20% ของร้านที่เปิดในช่วงเดียวกันก็ว่าได้ &nbsp; &nbsp;การทำธุรกิจกาแฟสดนั้น &nbsp;ดูเหมือนไม่มีอะไรยุ่งยาก ซับซ้อน &nbsp;แต่น้อยคนนักที่จะรู้ว่า นอกจากการชงกาแฟให้ถูกต้องแต่ละเมนูแล้ว &nbsp;การเตรียมตัวอื่นๆนั้น &nbsp;ก็จำเป็นไม่น้อยไปกว่ากัน ...&nbsp;การจัดเตรียมอุปกรณ์อื่นๆที่ต้องใช้ในเคาน์เตอร์บาร์ &nbsp; การจัดเตรียมที่นั่งสำหรับลูกค้า &nbsp;การตกแต่งร้าน &nbsp; การจัดการบัญชีรายรับ-รายจ่าย &nbsp; การจัดการ Stock วัตถุดิบ &nbsp;ให้เพียงพอสำหรับรอบการใช้งาน &nbsp;งานความสะอาดภายในร้าน &nbsp;และงานบริหารจัดการบุคลากร &nbsp;ฯลฯ &nbsp; สิ่งเหล่านี้ &nbsp;ที่เหล่าเจ้าของกิจการมือใหม่ต้องเจอ &nbsp;และต้องรับมือไปพร้อมๆกับการชงกาแฟในแต่ละวัน &nbsp;</p>\r\n\r\n<p><strong><u>วัตถุประสงค์</u></strong><br />\r\n1. ผู้เรียนมีความรู้เกี่ยวกับที่มาของเมล็ดกาแฟ สายพันธุ์กาแฟ &nbsp;การปลูก การแปรรูป และการคั่วกาแฟ<br />\r\n2. ผู้เรียนมีความรู้เกี่ยวกับเครื่่องชง-เครื่องบดกาแฟ &nbsp;เมนูกาแฟ และเครื่องดื่มอื่นๆที่สามารถจำหน่ายในร้านกาแฟ<br />\r\n3. ผู้เรียนสามารถชงกาแฟด้วยตัวเองทุกเมนู &nbsp;และสามารถชงเครื่องดื่มอื่นๆสำหรับร้านกาแฟได้ด้วยตนเอง<br />\r\n4. ผู้เรียนสามารถวิเคราะห์ต้นทุน-กำไร ของแต่ละเมนู<br />\r\n5. ผู้เรียนสามารถวางแผนการเงิน และวิเคราะห์ความเป็นไปได้ &nbsp;ในการทำธุรกิจร้านกาแฟ<br />\r\n<br />\r\n<u><strong>ภาคบรรยาย</strong></u><br />\r\n1. เรียนรู้ประวัติและสายพันธุ์ของกาแฟ ประเภทและรสชาติของกาแฟแต่ละชนิด&nbsp;<br />\r\n2. การเลือกใช้เมล็ดกาแฟ และการคั่วกาแฟแบบต่างๆ องค์ประกอบและลักษณะของกาแฟที่ดี&nbsp;<br />\r\n3. วิธีการชงกาแฟ Espresso ให้ถูกต้อง&nbsp;<br />\r\n4. เรียนรู้การเลือกเครื่องชงกาแฟ ประเภทของเครื่อง หลักการทำงานและส่วนประกอบของเครื่อง&nbsp;<br />\r\n5. การเปิดร้านกาแฟ การคัดเลือกวัตถุดิบ แนะนำวัสดุอุปกรณ์ในการเปิดร้านกาแฟ&nbsp;<br />\r\n<br />\r\n<u><strong>ภาคปฏิบัติ</strong></u><br />\r\n1. เรียนรู้เทคนิคการทำเครื่องดื่มกว่า 14 เมนู เช่น&nbsp;<br />\r\n- เอสเปรสโซร้อน/เย็น/<br />\r\n- คาปูชิโนร้อน/เย็น/<br />\r\n- มอคค่าร้อน/เย็น/<br />\r\n- ลาเต้ร้อน/เย็น/<br />\r\n- อเมริกาโน่ร้อน/เย็น/<br />\r\n- ชาดำร้อน/เย็น&nbsp;<br />\r\n- ชาร้อน/เย็น&nbsp;<br />\r\n- ชานมร้อน/เย็น&nbsp;<br />\r\n- ชาเขียวญี่ปุ่นร้อน/เย็น&nbsp;<br />\r\n- โกโก้ร้อน/เย็น&nbsp;<br />\r\n- ชามะนาวร้อน/เย็น&nbsp;<br />\r\n- ชามะนาวน้ำผึ้งร้อน/เย็น&nbsp;<br />\r\n- อิตาเลี่ยนโซดา ประกอบด้วย กลิ่น Mijito และอื่นๆ<br />\r\n<br />\r\n2. เรียนรู้เทคนิคการทำฟองนมด้วยเครื่องชงกาแฟ&nbsp;<br />\r\n3. การแต่งหน้ากาแฟเบื้องต้น&nbsp;<br />\r\n4. การคำนวณต้นทุนและกำไร แนะนำการตลาด<br />\r\n----------------------------------------</p>\r\n\r\n<p><strong><u>คุณสมบัติผู้เข้าอบรม</u></strong>&nbsp;&nbsp;: &nbsp;นักธุรกิจ, พนักงานประจำ, เจ้าของกิจการ, &nbsp;เจ้าของร้านเบเกอรี่, เจ้าของร้านอาหาร&nbsp;และผู้สนใจทั่วไป</p>\r\n\r\n<p><strong><u>ค่าลงทะเบียน</u></strong>&nbsp; : &nbsp;2,900 บาท (รวมค่าวัสดุอุปกรณ์ &nbsp;วัตถุดิบ &nbsp;คู่มือประกอบการเรียน &nbsp;สูตร &nbsp;อาหารว่างและอาหารกลางวัน)<br />\r\n<br />\r\n<strong>** Promotion Early Bird **</strong><br />\r\nลงทะเบียนก่อนวันที่ 10 มิถุนายน &nbsp;รับส่วนลด 5% &nbsp;เหลือเพียง &nbsp;2,755 บาท<br />\r\n<br />\r\n<strong>*** ลงทะเบียน 2 ท่าน พร้อมกัน &nbsp;รับส่วนลด 10% ***</strong><br />\r\n<br />\r\n<strong>ผู้เข้าอบรมได้รับใบประกาศนียบัตร หลังเข้ารับการอบรม</strong><br />\r\n---------------------------------------<br />\r\nสอบถามรายละเอียดเพิ่มเติม หรือลงทะเบียนได้ที่<br />\r\n089-6653599<br />\r\n02-2765260<br />\r\nLine id : achancelearning<br />\r\n&nbsp;</p>\r\n\r\n<p><u>หมายเหตุ</u>&nbsp;*&nbsp;กรณีมีการยกเลิกหรือเลื่อนการอบรม จะแจ้งล่วงหน้าก่อนการฝึกอบรม&nbsp;7 วัน , หากมีการจองตั๋วรถ/เครื่องบิน ทางสถาบันฯ ไม่รับผิดชอบค่าใช้จ่ายที่เกิดขึ้นทุกกรณี</p>\r\n', 'อาทิตย์ที่ 17 มิถุนายน 2560', 'สถาบันเอชานซ์ อาคารไนซ์ 2  ซ.รุ่งเรือง ถ.รัชดาภิเษก', 'อาหาร เครื่องดื่ม', 3, 'เปิด', 'aaa,aaa,aaa', 'aaa,aaa,aaa', 'aaa,aaa,aaa', 'q1', 'article', 'q1', 'q1', '6101b879581da56c2cdfb442ec974665.jpg');

-- --------------------------------------------------------

--
-- Table structure for table `ach_enrollments`
--

CREATE TABLE `ach_enrollments` (
  `id` int(11) NOT NULL,
  `course_id` int(11) NOT NULL,
  `name_th` varchar(100) NOT NULL,
  `name_en` varchar(100) NOT NULL,
  `address` varchar(255) NOT NULL,
  `tel` varchar(100) NOT NULL,
  `fax` varchar(100) NOT NULL,
  `email` varchar(100) NOT NULL,
  `bank_name` varchar(100) NOT NULL,
  `status` varchar(100) NOT NULL,
  `enrollments_date` timestamp NOT NULL DEFAULT CURRENT_TIMESTAMP
) ENGINE=InnoDB DEFAULT CHARSET=utf8;

-- --------------------------------------------------------

--
-- Table structure for table `ach_faq`
--

CREATE TABLE `ach_faq` (
  `id` int(11) NOT NULL,
  `question` varchar(255) NOT NULL,
  `answer` varchar(5000) NOT NULL
) ENGINE=InnoDB DEFAULT CHARSET=utf8;

--
-- Dumping data for table `ach_faq`
--

INSERT INTO `ach_faq` (`id`, `question`, `answer`) VALUES
(2, 'มีสถาบันจัดอบรมอยู่หลายที่ ทำไมต้องเลือกเรียนที่เอชานซ์', '1.1 สถาบันเอชานซ์ จัดอบรมมากว่า 10 ปี เรามีประสบการณ์จัดอบรมหลักสูตรหลากหลายมากถึง 200 หลักสูตร เรามีประสบการณ์การจัดอบรมแบบ Workshop ที่เน้นทฤษฎีและปฏิบัติจริง ผู้เรียนจึงสามารถนำไปใช้ได้จริง อีกทั้งสามารถนำไปประยุกต์แบบหรือสูตรเพื่อให้เกิดความแตกต่างได้ \r\n\r\n1.2 ทางสถาบันฯ ไม่มีผลประโยชน์แอบแฝงจากการจัดอบรม วิทยากรของเราจะให้ความรู้อย่างเปิดเผย พร้อมแนะนำแหล่งซื้อวัสดุอุปกรณ์หลากหลายที่ ที่ตรวจสอบแล้วว่ามีสินค้าคุณภาพดี และราคาเหมาะสม ทั้งนี้ผู้เข้าอบรมสามารถเปรียบเทียบได้ด้วยตัวเอง ทางสถาบันฯ มิได้มีผลประโยชน์จากการแนะนำใดๆ ทั้งสิ้น \r\n\r\n1.3 เราได้คัดเลือกวิทยากรในหลากหลายสาขาที่มีความรู้และความชำนาญจริงในสาขานั้นๆ ปัจจุบันเรามีวิทยากรมากกว่า 20 ท่าน เราเน้นทั้งคุณภาพของเนื้อหา วิธีการสอน และบรรยากาศในการเรียน คุณจึงสามารถมั่นใจในความคุ้มค่าของเงินค่าลงทะเบียน \r\n\r\n1.4 สถาบันเอชานซ์ได้พัฒนาและสร้างสรรค์หลักสูตรใหม่ๆ อยู่เสมอ เพื่อให้ท่านสามารถได้เรียนรู้การผลิตสินค้าใหม่ๆ ที่ทันสมัย หรือที่ยังใหม่ในท้องตลาด โดยเฉลี่ยแล้วเราจะมีหลักสูตรใหม่ทุกๆ 2 เดือน ในส่วนของหลักสูตรเก่า เราจะมีปรับปรุงและปรับเปลี่ยนรายการ หรือเปิดหลักสูตรที่ 2 หรือ 3 เพิ่ม เพื่อให้ผู้เรียนได้มีโอกาสเลือกมากขึ้นหรือเรียนต่อเนื่องเพื่อให้รู้ลึกและรู้จริง \r\n\r\n1.5 เนื่องจากสถาบันฯ มีหลักสูตรมากมาย เราจึงจัดโปรแกรมส่วนลด ให้คุณที่ต้องการเรียนหลายหลักสูตรได้รับส่วนลดพิเศษ คุณจึงสามารถเรียนต่อเนื่องในราคาที่คุ้มค่า'),
(3, 'ทำไมต้องสมัครล่วงหน้า 5 วันก่อนอบรม', 'การอบรมของทางสถาบันฯ เน้นการปฏิบัติ ฉะนั้นจึงต้องมีการจัดเตรียมวัสดุอุปกรณ์ต่างๆ ไว้ล่วงหน้า ตามจำนวนผู้เรียน อีกทั้งบางหลักสูตรต้องใช้สถานที่ของโรงแรมซึ่งต้องมีการจองและยืนยันจำนวนผู้เข้าอบรมล่วงหน้า การทราบจำนวนผู้เข้าอบรมล่วงหน้าจะสามารถทำให้เราจัดเตรียมการอบรมได้สมบูรณ์ ซึ่งจะเป็นประโยชน์ต่อตัวท่านเองด้วย'),
(4, 'ถ้าสมัครแล้วไม่สามารถมาเรียนได้จะขอเปลี่ยนหลักสูตร หรือขอเงินคืนได้หรือไม่', 'เมื่อคุณสมัครหลักสูตรที่เรียนแล้ว จะไม่สามารถเปลี่ยนแปลงได้ เนื่องจากทางสถาบันฯ จะต้องมีการจัดเตรียมเอกสาร วัสดุอุปกรณ์ และสถานที่ไว้ตามจำนวนคน ซึ่งหมายถึงได้เกิดค่าใช้จ่ายขึ้นแล้วแม้ท่านจะไม่มาอบรม อีกทั้งการเปลี่ยนแปลงดังกล่าวอาจมีผลให้จำนวนผู้เข้าอบรมไม่ถึงเกณฑ์ที่จะจัดได้ ทำให้ต้องยกเลิกการจัดอบรมหลักสูตรนั้นๆ อย่างกะทันหัน ซึ่งมีผลกระทบต่อผู้เข้าอบรมท่านอื่นๆ ทั้งหมด'),
(5, 'ไม่แน่ใจว่าจะว่างในวันดังกล่าวหรือไม่ จะขอชำระที่หน้างานได้หรือไม่', 'การขอชำระที่หน้างาน ผู้เข้าอบรมควรจะแจ้งให้สถาบันฯ ทราบล่างหน้า เพื่อตรวจสอบว่ายังมีที่เหลืออยู่หรือไม่ ทั้งนี้ทางสถาบันฯ จะไม่สามารถการันตีที่ไว้ให้ท่านได้ เนื่องจากอาจจะมีผู้สมัครท่านอื่นๆ โอนเงินค่าสมัครเข้ามาก่อน และทำให้หลักสูตรนั้นเต็ม ทั้งนี้หากสามารถจัดที่ให้ท่านได้ในวันดังกล่าว ที่ของท่านอาจเป็นที่เสริม เนื่องจากบางครั้งได้จัดโต๊ะไว้เพียงพอกับจำนวนผู้อบรมที่โอนค่าลงทะเบียนล่วงหน้ามาแล้ว'),
(6, ' ทำไมไม่รับสมัครกรณีชำระหน้างาน', 'การชำระเงินที่หน้างานในวันอบรม มีความไม่สะดวกหลายประการในการจัดงาน เพราะสถาบันฯ อาจจะต้องจัดเตรียมเอกสารและวัสดุอุปกรณ์เพิ่มเติมในเวลากระชั้นชิด การแจ้งขอชำระเงินหน้างานมิได้การันตีว่าผู้สมัครจะมาเข้าอบรมจริง จึงทำให้เกิดความไม่สะดวกในการจัดงานหลายประการ'),
(7, 'ในการมาอบรมจะต้องเตรียมตัวอย่างไร', 'คุณไม่จำเป็นต้องนำอุปกรณ์อะไรติดตัวมาด้วยเลย เพราะเราจะเตรียมเอกสาร เครื่องดื่ม อาหารว่าง อาหารกลางวัน (ในหลักสูตรเต็มวัน) และอุปกรณ์การเรียนต่างๆ พร้อมบรรจุภัณฑ์ให้ทั้งหมด คุณเพียงแต่เตรียมหลักฐานการโอนเงินและมาก่อนเวลาประมาณ 15 นาทีเพื่อลงทะเบียนและเตรียมเข้าอบรมเท่านั้น'),
(8, 'เรียนแล้ว กลับไปจะสามารถทำได้หรือไม่', 'ในการเรียนการสอนของสถาบันฯ จะเน้นทั้งทฤษฏีและปฏิบัติ เพื่อให้ผู้เรียนมีความเข้าใจอย่างถ่องแท้ ทางสถาบันฯ จะเน้นให้ผู้เข้าอบรมได้มีส่วนร่วมในการปฏิบัติจริง ทั้งนี้ในบางหลักสูตรโดยเฉพาะหลักสูตรเครื่องสำอางจะจัดให้ปฏิบัติร่วมกันเป็นกลุ่ม เนื่องจากผู้อบรมส่วนใหญ่อาจจะยังไม่มีพื้นฐานการผลิต จึงต้องช่วยกันเพื่อให้สามารถปฏิบัติได้ถูกต้องทุกขั้นตอนและทันเวลา นอกจากนั้นหากผู้อบรมกลับไปแล้วมีปัญหาในการปฏิบัติผลิตภัณฑ์นั้นๆ ก็สามารถติดต่อสอบถามวิทยากรในภายหลังได้ แต่ทั้งนี้ขอความร่วมมือให้สอบถามวิทยากรกรณีจำเป็นและเฉพาะเนื้อหาและปัญหาของหลักสูตรที่อบรมไปแล้วเท่านั้น และเพื่อความเหมาะสม สถาบันฯ ขอให้ผู้เข้าอบรมสอบถามในห้องเรียนหรือในช่วงที่เปิดให้มีการสอบถามเท่านั้น เพื่อจะได้ให้ผู้เข้าอบรมท่านอื่นๆ ได้รับฟังด้วย'),
(9, 'แต่ละหลักสูตรจะได้ปฏิบัติต่อคนหรือไม่', 'สำหรับหลักสูตรงานฝีมือ ผู้เข้าอบรมจะได้มีโอกาสปฏิบัติต่อคนต่อชิ้น เพื่อให้ได้เรียนรู้และสัมผัสทุกขั้นตอนด้วยตัวคุณเอง อย่างไรก็ตามสำหรับหลักสูตรอื่นๆ เช่น หลักสูตรการผลิตเครื่องสำอาง ท่านจะได้ปฏิบัติเป็นกลุ่มๆ ละประมาณ 4-5 คน เพื่อจะได้ช่วยกันปฏิบัติได้ถูกต้องตามขั้นตอน ในเวลาและอุณหภูมิที่พอเหมาะ สำหรับหลักสูตรอาหารท่านจะได้ดูการสาธิตอย่างใกล้ชิดและร่วมปฏิบัติไปด้วยกัน เนื่องจากมีขั้นตอนมากมายและบางท่านอาจไม่มีความชำนาญมากพอที่จะปฏิบัติเองทั้งหมด'),
(10, 'แต่ละคลาสรับผู้เข้าอบรมมากน้อยแค่ไหน', 'โดยส่วนใหญ่ แต่ละคลาสจะรับผู้เข้าอบรมไม่เกิน 10 ท่าน เพื่อให้วิทยากรสามารถดูแลคุณได้อย่างใกล้ชิด และสร้างบรรยากาศที่เป็นส่วนตัวและเป็นกันเอง สามารถสอบถามวิทยากรเพื่อให้ได้ความรู้ตามที่คุณต้องการ หรือการพัฒนาสูตรให้เหมาะกับธุรกิจที่คุณมีอยู่'),
(11, 'ลูกค้าเก่าจะได้ส่วนลดพิเศษหรือไม่', 'เรามีส่วนลดเป็นปกติสำหรับทุกท่านอยู่แล้ว กรณีสมัครล่วงหน้า 7 วัน หรือกรณีสมัครพร้อมกันเป็นคู่ ขณะนี้เรายังไม่มีนโยบายให้ส่วนลดกับลูกค้าเก่าทุกๆ คนเนื่องจากในวันอบรมท่านสามารถให้ผู้อื่นเข้าอบรมแทนได้ เรามิได้จำกัดสิทธิ์ว่าจะต้องเป็นชื่อลูกค้าท่านนั้นเท่านั้น'),
(12, 'จะรู้ได้อย่างไรว่าผลิตภัณฑ์ที่สอนมีคุณภาพดีหรือไม่', 'การอบรมของเราจะเน้นการให้ความรู้และทักษะ (know-how) รวมทั้งเคล็ดลับต่างๆ สูตรและตำรับที่ให้อาจจะไม่ใช่สูตรตายตัว คุณสามารถนำไปประยุกต์ได้ อย่างไรก็ตามคุณภาพของผลิตภัณฑ์ที่ทำในวันอบรมอาจขึ้นอยู่กับทักษะของผู้เข้าอบรม หากมีความผิดพลาดเกิดขึ้น วิทยากรจะช่วยแก้ปัญหาและแนะแนวทางการพัฒนาให้ ทั้งนี้ความพึงพอใจของผลิตภัณฑ์ยังขึ้นอยู่กับรสนิยมของแต่ละท่านด้วย'),
(13, 'ผลิตภัณฑ์ที่แจ้งไว้ในเนื้อหาย่อยนั้น จะมีการสอนปฏิบัติทุกตัวหรือไม่', 'แน่นอน ผลิตภัณฑ์ที่แจ้งไว้จะเป็นการสอนและให้ผู้เข้าอบรมได้ปฏิบัติจริงทุกตัว ไม่ใช่ลักษณะการแจกเอกสารสูตรให้ไปทำเองที่บ้าน ในส่วนของผลิตภัณฑ์ซึ่งเป็นตัวแถม ซึ่งจะเป็นสักษณะการสาธิตในกรณีที่เวลาไม่เพียงพอ จะมีกำกับไว้ในเนื้อหาย่อยเพื่อให้ผู้อบรมได้ทราบล่วงหน้าว่าจะเป็นการสาธิตเท่านั้น ในส่วนของหลักสูตรอาหาร เครื่องดื่มและเบเกอรี่จะเป็นการปฏิบัติกึ่งสาธิต เพราะมีเมนูที่จะต้องเรียนรู้เป็นจำนวนค่อนข้างมาก และผู้เข้าอบรมบางท่านอาจจะยังไม่พร้อมในการปฏิบัติเดี่ยวในครั้งแรก'),
(14, 'มาอบรมแล้วจะได้ผลิตภัณฑ์กลับบ้านหรือไม่', 'แน่นอน คุณจะได้ผลิตภัณฑ์ทุกตัวที่คุณทำกลับบ้านด้วย ยกเว้นหลักสูตรเครื่องดื่ม ไอศกรีม หรืออาหารบางหลักสูตรที่ผู้เข้าอบรมอาจจะรับประทานในห้อง และไม่สะดวกในการนำกลับ แต่โดยส่วนใหญ่เราจะพยายามจัดบรรจุภัณฑ์ใส่อาหารให้คุณนำกลับบ้านได้');

-- --------------------------------------------------------

--
-- Table structure for table `ach_gallery_album`
--

CREATE TABLE `ach_gallery_album` (
  `id` int(11) NOT NULL,
  `img` varchar(255) NOT NULL,
  `content` varchar(255) NOT NULL,
  `status` varchar(30) NOT NULL
) ENGINE=InnoDB DEFAULT CHARSET=utf8;

--
-- Dumping data for table `ach_gallery_album`
--

INSERT INTO `ach_gallery_album` (`id`, `img`, `content`, `status`) VALUES
(38, 'ca2130c0bbec9ae991b7110e35dd0db6.jpg', 'test1', 'เปิด'),
(39, 'ca2130c0bbec9ae991b7110e35dd0db6.jpg', 'test2', 'เปิด'),
(40, 'ca2130c0bbec9ae991b7110e35dd0db6.jpg', 'test3', 'เปิด'),
(41, 'ca2130c0bbec9ae991b7110e35dd0db6.jpg', 'test4', 'เปิด'),
(42, '57a432bae0adff50b0e369f8fbbca8a2.jpg', '11111', 'เปิด'),
(43, '8e1038f4cda90ccbd435af407033612f.jpg', '2222', 'เปิด'),
(44, '1f983210d1d29be9a99a0740ce18a418.jpg', '3333', 'เปิด'),
(45, '2eb21ad289eebbd5b2e9a0b5747acb17.jpg', '4444', 'เปิด'),
(46, '6ee112f6e6544ddd1e3c8a2534cf7afc.jpg', '555', 'เปิด'),
(47, 'f8d8153fb4f29d3af15276db22435d48.jpg', '6666', 'เปิด');

-- --------------------------------------------------------

--
-- Table structure for table `ach_gallery_img`
--

CREATE TABLE `ach_gallery_img` (
  `id` int(11) NOT NULL,
  `img` varchar(255) NOT NULL,
  `content` varchar(255) NOT NULL,
  `album_id` int(11) NOT NULL
) ENGINE=InnoDB DEFAULT CHARSET=utf8;

--
-- Dumping data for table `ach_gallery_img`
--

INSERT INTO `ach_gallery_img` (`id`, `img`, `content`, `album_id`) VALUES
(24, '16062017112508af26290ca4b8db13888b6d923d8906b6.jpg', 'cccccccc', 41),
(25, '2206201713435345189fa18492fc535cbfb4abee2d9cc9.jpg', 'XXX', 40),
(26, '2206201713525345189fa18492fc535cbfb4abee2d9cc9.jpg', 'BBB', 40);

-- --------------------------------------------------------

--
-- Table structure for table `ach_information`
--

CREATE TABLE `ach_information` (
  `id` int(11) NOT NULL,
  `img` varchar(255) NOT NULL,
  `topic` varchar(250) NOT NULL,
  `content` longtext NOT NULL
) ENGINE=InnoDB DEFAULT CHARSET=utf8;

--
-- Dumping data for table `ach_information`
--

INSERT INTO `ach_information` (`id`, `img`, `topic`, `content`) VALUES
(1, '0806201706134807062017233638fastract.jpg', 'Free Work Shop!  \"Fast tract Marketing Online\" \r\nงานนี้ ผู้รักการเรียนรู้ห้ามพลาด!!\r\nเอชานซ์ ต่อยอดให้ทุกท่านได้มีช่องทางการจัดจำหน่ายสินค้าของท่าน\r\nสัมมนา Free! ที่จะทำให้คุณสร้างยอดขายเพิ่มขึ้น\r\nเพียงแค่ปลายนิ้ว Click!', 'Free Work Shop! &nbsp;&quot;Fast tract Marketing Online&quot;&nbsp;<br />\r\nงานนี้ ผู้รักการเรียนรู้ห้ามพลาด!!<br />\r\nเอชานซ์ ต่อยอดให้ทุกท่านได้มีช่องทางการจัดจำหน่ายสินค้าของท่าน<br />\r\nสัมมนา Free! ที่จะทำให้คุณสร้างยอดขายเพิ่มขึ้น<br />\r\nเพียงแค่ปลายนิ้ว Click!<br />\r\n<br />\r\nพบกับวิทยากร ผู้มีประสบการณ์ด้านการตลาด Online ระดับโลก มานานกว่า 10 ปี!<br />\r\n<br />\r\n&quot; คุณรัตนชัย ฐาปนะพงศ์ &quot; หรือ &quot;อาจารย์เบนซ์!&quot;<br />\r\n- ผู้เชี่ยวชาญสอนขายสินค้าไทยบน Amazon.com คนแรกของประเทศไทย<br />\r\n- เจ้าของหนังสือ &quot;ขายสินค้าไทยรวยเป็นล้านด้วย Amazon.com&quot;<br />\r\n- ที่ปรึกษาธุรกิจในและนอกประเทศ');

-- --------------------------------------------------------

--
-- Table structure for table `ach_inquiry_suggestions`
--

CREATE TABLE `ach_inquiry_suggestions` (
  `id` int(11) NOT NULL,
  `topic` varchar(100) NOT NULL,
  `name` varchar(100) NOT NULL,
  `email` varchar(100) NOT NULL,
  `tel` varchar(100) NOT NULL,
  `content` varchar(500) NOT NULL,
  `status` varchar(100) NOT NULL
) ENGINE=InnoDB DEFAULT CHARSET=utf8;

--
-- Dumping data for table `ach_inquiry_suggestions`
--

INSERT INTO `ach_inquiry_suggestions` (`id`, `topic`, `name`, `email`, `tel`, `content`, `status`) VALUES
(17, 'สอบถามคอร์สเรียน', 'นาย สันติ ร่วมสุข', 'ta.vin35@hotmail.com', '094-124-1245', 'มีคอร์ดสอนทำไอศรีมไหมครับ', 'ยังไม่ตอบคำถาม'),
(19, 'ติชม', 'นายอัศม์เดช  หาญเสมอ', 'opsobo@gmail.com', '093-356-2513', 'ดีมากเว๊ปสวยมากๆเลยค่ะ', 'ยังไม่ตอบคำถาม'),
(23, 'สอบถามคอร์สเรียน', 'นางสาวจิราวัลย์  พรมพิลาด', 'kram@gmail.com', '092-124-3553', 'มีคอร์สทำไอติมไหมครับ', 'ยังไม่ตอบคำถาม');

-- --------------------------------------------------------

--
-- Table structure for table `ach_knowledge`
--

CREATE TABLE `ach_knowledge` (
  `id` int(11) NOT NULL,
  `type` varchar(100) NOT NULL,
  `img` varchar(255) NOT NULL,
  `topic` varchar(200) NOT NULL,
  `date` varchar(100) NOT NULL,
  `content` longtext NOT NULL,
  `title_tag` varchar(100) NOT NULL,
  `meta_description` varchar(300) NOT NULL,
  `meta_keyword` varchar(300) NOT NULL,
  `og_url` varchar(255) NOT NULL,
  `og_type` varchar(255) NOT NULL,
  `og_title` varchar(255) NOT NULL,
  `og_description` varchar(255) NOT NULL,
  `og_image` varchar(255) NOT NULL
) ENGINE=InnoDB DEFAULT CHARSET=utf8;

--
-- Dumping data for table `ach_knowledge`
--

INSERT INTO `ach_knowledge` (`id`, `type`, `img`, `topic`, `date`, `content`, `title_tag`, `meta_description`, `meta_keyword`, `og_url`, `og_type`, `og_title`, `og_description`, `og_image`) VALUES
(15, 'ภาพถ่าย', '29052017075419Vitamin-C.jpg', 'ประโยชน์ของวิตามินซี และ โทษของวิตามินซี มีอะไรบ้าง', 'โพสเมื่อวันที่ 11 มกราคม 2560', '<p>ในปัจจุบันมีสาวๆ ที่รักสวยรักงาม รักสุขภาพ หลายๆ คนนิยมหันมารับประทาน<strong>วิตามินซี</strong>&nbsp;หรือ<strong>อาหารเสริม</strong>อื่นๆ มากขึ้น เพื่อความสวยความงาม บางคนถึงขนาดลงทุนฉีดวิตามินก็มีเพราะอยากมี<strong>ผิวสวยใส</strong>&nbsp;ถึงแม้วิตามินซีจะมีอยู่ผักผลไม้หลายชนิดก็ตามแต่สำหรับคนที่ไม่ชอบรับทาน ผักผลไม้บางชนิดซึ่งมีวิตามินซีสูงจึงหันมากินวิตามินซีที่มีขายอยู่ทั่วไป จนอาจจะทำให้มองข้ามความปลอดภัยจากการรับประทานวิตามินซีมากเกินไป วันนี้เราจะพาคุณมาทำความรู้จักกับ<strong>ประโยชน์ของวิตามินซี</strong>&nbsp;และ&nbsp;<strong>โทษของวิตามินซี</strong>&nbsp;ว่ามีข้อดีและข้อเสียอย่างไรบ้าง<br />\r\n<strong>วิตามินซี</strong>เป็นวิตามินที่มีความสำคัญต่อการเจริญเติบโตและพัฒนาการของร่างกาย แต่ร่างกายไม่สามารถสร้างวิตามินซีขึ้นเองได้และร่างกายยังไม่สามารถเก็บ สะสมวิตามินซีได้เนื่องจากวิตามินซีนั้นเป็นวิตามินชนิดที่ละลายในน้ำได้ ดังนั้นการรับประทานอาหารที่มีวิตามินซีจึงเป็นสิ่งที่จำเป็น</p>\r\n\r\n<p><strong>ประโยชน์ของวิตามินซี&nbsp;</strong><br />\r\n&ndash; มีส่วนช่วยในการซ่อมแซมเนื้อเยื่อทุกส่วนในร่างกายไม่ว่าจะเป็นเนื้อเยื่อ ของผิวหนัง เส้นเอ็น เส้นเลือด ซึ่งวิตามินซีนั้นจะช่วยให้อวัยวะเหล่านี้ไม่เปราะ ยืดหยุ่น และแข็งแรง<br />\r\n&ndash; ช่วยรักษาแผลเป็น และแผลต่างๆให้หายเร็วขึ้น เช่น แผลสด แผลไฟไม้<br />\r\n&ndash; สามารถช่วยชลอความเสื่อมของร่างกาย เป็นสารต้านอนุมูลอิสระ และเป็นตัวสร้างคอลลาเจน<br />\r\n&ndash; มีสารต่อต้านโรคภูมิแพ้ สามารถบรรเทาอาการหอบหืดให้ดีขึ้นได้ บรรเทาอาการแพ้<br />\r\n&ndash; หากทานวิตามินซีร่วมกับ กรดแพนโทเธนิค (Pantothenic Acid) จะช่วยป้องกันอาการปวดไมเกรนได้<br />\r\n&ndash; ช่วยป้องกันและรักษา เลือดออกตามไรฟัน ลักปิดลักเปิด หรือแม้กระทั่งสามารถป้องกันหวัดได้<br />\r\n&ndash; ลดการอักเสบจากการติดเชื้อ<br />\r\n&ndash; หากรับประทานวิตามินซีร่วมกับวิตามินอี จะช่วยลดการเกาะตัวของไขมันที่ผนังเส้นเลือดได้<br />\r\n&ndash; ป้องกันโรคมะเร็ง โรคหัวใจ</p>\r\n\r\n<p><strong>โทษของวิตามินซี</strong><br />\r\n&ndash; ถึงแม้วิตามินซีเป็นวิตามินที่ร่างกายไม่สามารถเก็บกักไว้ใช้งานได้และหาก ได้รับวิตามินซีมากเกินไปก็จะถูกขับออกมาทางปัสสาวะก็ตาม แต่หากรับประทานวิตามินซีจำนวนมากติดต่อกันหลายวัน ก็อาจจะทำให้มีอาการท้องเสีย กระเพาะอาหารระคายเคืองได้<br />\r\n&ndash; หากร่างกายได้รับวิตามินซีในปริมาณมากจนเกินไป อาจนำไปสู่โรคเกาต์ได้ เนื่องจากวิตามินซีทำหน้าที่เพิ่มการดูดซึมธาตุเหล็ก ซึ่งจะส่งผลโดยตรงต่อการดูดซึมธาตุเหล็กตามข้อกระดูก<br />\r\n&ndash; มีอัตราความเสี่ยงเป็นโรคนิ่วในไตมากขึ้น<br />\r\n<br />\r\n<strong>Tip :</strong>&nbsp;ผักผลไม้ที่อุดมไปด้วยวิตามินซีในปริมาณสูงก็คือ พริกหวาน สีเขียว สีแดง กระหล่ำปลี กระหล่ำดอก มะเขือเทศ ผักใบเขียว บล็อคโคลี่ มันฝรั่ง มันเทศ สตอเบอรี่ ผลไม้ตระกูลส้ม</p>\r\n', 'ccc,ccc,ccc', 'ccc,ccc,ccc', 'ccc,ccc,ccc', 'c1', 'c2', 'c3', 'c4', 'c5'),
(17, 'ภาพถ่าย', '29052017093506newscms_thaihealth_c_dgjnorswy127.jpg', 'เพิ่มไขมันดี', 'โพสเมื่อวันที่ 12 มกราคม 2560', '<p>เมื่ออายุเพิ่มตัวเลขคอเลสเตอรอลอาจจะทำให้คุณตกใจ แต่ใครบอกว่าไขมันเป็นตัวร้ายเสียทีเดียวคอเลสเตอรอลที่เรารู้จักยังย่อยไขมันออกเป็นสองแบบ คือไขมันชนิดดี (High-Density Lipoproteins หรือ HDL) และไขมันชนิดไม่ดี (Low-Density Lipoproteins หรือ LDL) แน่นอนว่าไขมันตัวร้ายจะทำให้เราเจ็บป่วยได้ เหมือนรถขนขยะที่นำของไปจำเป็นไปขวางทางเดินเลือด ไปเกาะกับเส้นเลือดทำให้มีการอักเสบ และการตีบตันของเส้นเลือดได้ ในขณะที่เจ้าไขมันชนิดดี จะช่วยป้องกันการเกาะของไขมันไม่ดี ดังนั้น ยิ่งมีไขมันชนิดดีมีสูง ยิ่งทำให้ลดความเสี่ยงที่ไขมันไม่ดีจะไปเกาะตามจุดสำคัญ เช่น หลอดเลือดหัวใจ หลอดเลือดสมอง เป็นต้น</p>\r\n\r\n<p><strong>พฤติกรรมที่จะสามารถเพิ่มระดับไขมันดีในเลือด นอกจากคุณจะต้องงดสูบบุหรี่ให้ได้ และออกกำลังกายแบบเป็นประจำ อย่างน้อย 150 นาทีต่อสัปดาห์ เช่น การเดินเร็ว การวิ่ง การปั่นจักรยาน ว่ายน้ำ หรือเล่นกีฬาที่ทำให้หัวใจเต้นเร็วขึ้นต่อเนื่องกัน 20 นาทีขึ้นไป สิ่งสำคัญที่มองข้ามไม่ได้คือ การกิน</strong></p>\r\n\r\n<p>การกินที่ควรหลีกเลี่ยง ซึ่งเป็นต้นเหตุของไขมันตัวร้าย คือ น้ำตาล แป้งขัดขาว อาหารประเภทผัด ทอด อาหารฟาสต์ฟู้ดที่มีไขมันทรานส์ที่อาจทำให้เส้นเลือดของคุณถูกทำลายมากขึ้น เปลี่ยนมาเป็นอาหารแบบต้ม นึ่ง ตุ๋น อบ ปิ้ง ย่าง เพิ่มเมนูที่มีไขมันที่ดีต่อสุขภาพทั้งแบบที่ร่างกายสร้างเองได้และสร้างเองไม่ได้ ซึ่งได้แก่ อะโวคาโด ธัญพืชโฮลเกรน เช่น ข้าวโอ้ต ถั่วต่างๆ เช่น วอลนัต อัลมอนด์ เพิ่มโอเมก้า 3 ปลาแซลมอน น้ำมันประกอบอาหาร เช่น น้ำมันมะกอก น้ำมันถั่วลิสง น้ำมันรำข้าว น้ำมันถั่วเหลือง น้ำมันดอกทานตะวัน น้ำมันข้าวโพด น้ำมันดอกคำฝอย ฯลฯ</p>\r\n\r\n<p><strong>ไขมันในอาหารเหล่านี้จะช่วยเพิ่มไขมันชนิดดีช่วยลดคอเลสเตอรอลชนิดที่ไม่ดี และยังดีต่อหัวใจด้วย ลดความเสี่ยงในการเกิดโรคหัวใจและหลอดเลือดอีกด้วย</strong></p>\r\n', 'bbb,bbb,bbb', 'bbb,bbb,bbb', 'bbb,bbb,bbb', 'b1', 'b2', 'b3', 'b4', 'b5'),
(18, 'ภาพถ่าย', '29052017093615newscms_thaihealth_c_bdgikpqtuy29.jpg', 'รักสะอาดเกินไป เสี่ยงโรคซึมเศร้า', 'โพสเมื่อวันที่ 13 มกราคม 2560', '<p><strong>การรักความสะอาดนั้นไม่ใช่เรื่องผิด แต่การรักสะอาดจนเกินพอดี อาจทำให้คุณเสี่ยงต่อการป่วยด้วยโรคซึมเศร้าได้ &nbsp;เมื่อนักวิทยาศาสตร์พบว่า เมื่อภูมิคุ้มกันของร่างกายไม่ได้เจอหน้าศัตรูอย่างเชื้อโรคบ่อยเข้า จะมีผลต่อสมองในการผลิตสารความสุขอย่าง&nbsp;&quot;เซโรโทนิน&quot; (Serotonin)&nbsp;ให้ลดน้อยลงจนมนุษย์คนนั้นป่วยได้นั่นเอง</strong></p>\r\n\r\n<p>&nbsp;&nbsp;&nbsp;&nbsp;&nbsp;&nbsp; หันมองรอบตัวตอนนี้ เราแทบจะมีผลิตภัณฑ์ทำความสะอาดนับร้อยชนิดให้เลือกซื้อจากชั้นวางสินค้า โดยแทบทุกยี่ห้อระบุว่าสามารถทำความสะอาดได้อย่างหมดจด สามารถฆ่าเชื้อแบคทีเรียต่าง ๆ ได้จนเหมือนมีโถส้วม ห้องครัวใหม่ จนเราแทบจะบอกภูมิคุ้มกันของร่างกายได้เลยว่า &quot;เธอไม่ต้องออกโรงอีกแล้ว</p>\r\n\r\n<p>&nbsp;&nbsp;&nbsp;&nbsp;&nbsp;&nbsp; แต่ยิ่งทำความสะอาดมากขึ้น &nbsp;ก็ยิ่งมีคนป่วยด้วยโรคซึมเศร้ามากขึ้นนี่สิ ทำให้นักวิทยาศาสตร์สงสัย พร้อมอ้างอิงตัวเลขด้วยว่า ตัวเลขของการป่วยด้วยโรคซึมเศร้าของประชากรในประเทศแถบยุโรปนั้นทิ้งห่างกลุ่มประเทศยากจนลิบลับ ยกตัวอย่างเช่น อังกฤษ มีคนป่วยด้วยโรคซึมเศร้า 1 ใน 10 ส่วนประเทศไนจีเรีย ป่วยด้วยโรคซึมเศร้าเพียง 1 ใน 100 เท่านั้น ซึ่งนักวิจัยกลุ่มนี้อ้างว่า เป็นเพราะภูมิคุ้มกันของร่างกายของชาวยุโรปไม่ได้ทำหน้าที่ของตนเองอย่างที่ควรจะเป็น</p>\r\n\r\n<p>&nbsp;&nbsp;&nbsp;&nbsp;&nbsp;&nbsp;<strong>&nbsp;ดร.แอนดรูว์ มิลเลอร์</strong>&nbsp;หนึ่งในนักวิทยาศาสตร์ในทีมวิจัยระบุว่า &quot;เราเชื่อว่า ภูมิคุ้มกันของร่างกายคือตัวการของการเกิดโรคซึมเศร้า เมื่อมนุษย์เติบโตขึ้น ภูมิคุ้มกันก็พัฒนาตนเองไปพร้อม ๆ กัน หากภูมิคุ้มกันของร่างกายได้เจอกับแบคทีเรียและเชื้อโรคต่าง ๆ บ้าง ก็จะทำให้ภูมิคุ้มกันนั้นแข็งแกร่งมากขึ้น แต่ทุกวันนี้ ทุกสิ่งรอบตัวของมนุษย์ต้องสะอาดไปหมด ดังนั้น ภูมิคุ้มกันจึงไม่ค่อยได้พบกับเชื้อโรคหรือแบคทีเรียเท่าใดนัก และนั่นทำให้ระบบภูมิคุ้มกันของเราอ่อนแอ อีกทั้งยังส่งผลต่อประสิทธิภาพการทำงานของสมองในการผลิตสารที่สร้างความสุขให้กับร่างกายอย่าง &quot;Serotonin&quot; ซึ่งนั่นทำให้มนุษย์ป่วยด้วยโรคซึมเศร้าอีกด้วย</p>\r\n\r\n<p><strong>&nbsp;&nbsp; ถึงวันนี้อาจต้องยอมรับว่า สิ่งต่าง ๆ ที่ถูกสร้างมา โดยเฉพาะแบคทีเรียที่ถูกมองเป็นตัวร้าย ตัวการก่อโรคต่าง ๆ ให้กับมนุษย์นั้น มีภารกิจบางประการแอบซ่อนอยู่ และเป็นภารกิจที่เป็นประโยชน์ต่อมนุษย์ด้วยเช่นกัน เพราะแบคทีเรียบางชนิดก็จำเป็นสำหรับการสร้างภูมิต้านทานให้กับมนุษย์ หากขาดมันไป ก็อาจทำให้มนุษย์เราป่วยด้วยโรคต่าง ๆ ดังที่เป็นอยู่</strong></p>\r\n', 'aaa,aaa,aaa', 'aaa,aaa,aaa', 'aaa,aaa,aaa', 'a1', 'a2', 'a3', 'a4', '2405a39a1481d592f1bb8cca47cff9cd.jpg');

-- --------------------------------------------------------

--
-- Table structure for table `ach_main_info`
--

CREATE TABLE `ach_main_info` (
  `id` int(11) NOT NULL,
  `img_logo` varchar(255) NOT NULL,
  `content_under_logo` varchar(100) NOT NULL,
  `url_facebook` varchar(255) NOT NULL,
  `url_twitter` varchar(255) NOT NULL,
  `url_instagram` varchar(255) NOT NULL,
  `url_line` varchar(255) NOT NULL,
  `url_email` varchar(255) NOT NULL,
  `condition_course` longtext NOT NULL,
  `title_tag` varchar(100) NOT NULL,
  `meta_description` varchar(300) NOT NULL,
  `meta_keyword` varchar(300) NOT NULL,
  `og_url` varchar(255) NOT NULL,
  `og_type` varchar(255) NOT NULL,
  `og_title` varchar(255) NOT NULL,
  `og_description` varchar(255) NOT NULL,
  `og_image` varchar(255) NOT NULL
) ENGINE=InnoDB DEFAULT CHARSET=utf8;

--
-- Dumping data for table `ach_main_info`
--

INSERT INTO `ach_main_info` (`id`, `img_logo`, `content_under_logo`, `url_facebook`, `url_twitter`, `url_instagram`, `url_line`, `url_email`, `condition_course`, `title_tag`, `meta_description`, `meta_keyword`, `og_url`, `og_type`, `og_title`, `og_description`, `og_image`) VALUES
(1, '26052017102044logo-compress.png', 'Unlimited Learning Opportunity', 'https://www.facebook.com/achancelearningbkk/', 'https://twitter.com/', 'https://www.instagram.com/', 'https://line.me/en/', 'http://www.gmail.com/', '<ul>\r\n	<li>กรุณาสมัครอย่างช้า 5 วันก่อนการอบรมการสำรองที่นั่งของท่านจะสมบูรณ์เมื่อโอนเงินแล้วเท่านั้น</li>\r\n	<li>กรุณาส่งโทรสารหลักฐานการโอนเงินพร้อมชื่อ เบอร์ติดต่อ และชื่อหลักสูตรมาที่ 02-933-0969 และกรุณานำเอกสารการโอนเงินตัวจริง มาในวันอบรม (กรณีมีการหักภาษี ณ ที่จ่าย กรุณานำหนังสือรับรองการหักภาษี ณ ที่จ่ายมาในวันอบรม)</li>\r\n	<li>ไม่รับสมัครหรือชำระเงินในวันอบรม</li>\r\n	<li>สถาบันฯ ขอสงวนสิทธิ์ในการคืนเงิน เปลี่ยนหลักสูตรหรือเปลี่ยนวันอบรม</li>\r\n	<li>กรณีที่ผู้สมัครไม่สามารถเข้าอบรมได้ สามารถให้ผู้อื่นเข้าอบรมแทนได้ โดยแจ้งให้สถาบันฯ ทราบล่วงหน้าอย่างน้อย 2 วันทำการแต่ไม่สามารถเปลี่ยนแปลงหลักสูตร และวันที่อบรมได้</li>\r\n	<li>สถาบันฯ ขอสงวนสิทธิ์ยกเลิกการจัดอบรมกรณีผู้เข้าอบรมไม่ถึงเกณฑ์</li>\r\n	<li>ผู้ติดตามกรุณารอนอกห้องอบรม</li>\r\n</ul>\r\n', 'achance.co.th', 'xxx,xxx,xxx', 'yyy,yyy,yyy', '1111111', 'article', '3333333333', '444444444', 'ce5381ab006249146f41299c2540358e.jpg');

-- --------------------------------------------------------

--
-- Table structure for table `ach_picture_slide`
--

CREATE TABLE `ach_picture_slide` (
  `id` int(11) NOT NULL,
  `img` varchar(255) NOT NULL,
  `ka` varchar(10) NOT NULL
) ENGINE=InnoDB DEFAULT CHARSET=utf8;

--
-- Dumping data for table `ach_picture_slide`
--

INSERT INTO `ach_picture_slide` (`id`, `img`, `ka`) VALUES
(14, '01062017073930pic2.jpg', ''),
(15, 'af26290ca4b8db13888b6d923d8906b6.jpg', '');

-- --------------------------------------------------------

--
-- Table structure for table `ach_testimonial`
--

CREATE TABLE `ach_testimonial` (
  `id` int(11) NOT NULL,
  `pic_person` varchar(255) NOT NULL,
  `name` varchar(100) NOT NULL,
  `job` varchar(100) NOT NULL,
  `content` varchar(1000) NOT NULL
) ENGINE=InnoDB DEFAULT CHARSET=utf8;

--
-- Dumping data for table `ach_testimonial`
--

INSERT INTO `ach_testimonial` (`id`, `pic_person`, `name`, `job`, `content`) VALUES
(5, '29052017055829sfhg.jpg', 'นางสาว มารี ศรีประจักษ์', 'กราฟิคดีไซน์เนอร์', 'ได้รับข้อมูลที่เป็นประโยชน์อย่างครบถ้วน วิทยากรน่าสนใจ คอร์สที่เปิดอบรมก็น่าสนใจมาก ได้ลงมือปฏิบัติจริง ได้ไอเดียไว้ต่อยอดความรู้ต่างๆ วิทยากรอธิบายและตอบคำถามได้ดี เข้าใจง่าย สนุกกับบรรยากาศการสอน ประทับใจมากๆ'),
(6, '29052017055801wfsdf.jpg', 'นางสาว แตงโม น่ารักจัง', 'กราฟิคดีไซน์เนอร์', 'Lorem ipsum dolor sit amet, consectetur adipisicing elit. Suscipit explicabo cumque odit dolor doloremque vitae assumenda architecto, a laborum necessitatibus itaque eius, quo error, magni ipsum quis est porro dignissimos totam nisi facere sit, nulla ab? Error fugit excepturi velit.'),
(7, '29052017055733sDVFAD.jpg', 'นางสาว แกมม่า หน้าตาดี', 'programmer', 'Lorem ipsum dolor sit amet, consectetur adipisicing elit. Nisi sequi non soluta voluptas maxime officiis iusto.'),
(8, '290520170556222335.jpg', 'นางสาว นาตารี เสรีไทย', 'แม่บ้าน', 'เราได้ความรู้มาเยอะเลยเเหละ ถ้าใครถามเรื่องเรียนทำอาหาร เราจะแนะนำอาจารย์คนนี้เลย ฝีมือดีมาก ราคาคอร์สไม่เเพง ชั้นเรียนสอนทำอาหารที่ดีที่สุดใน กรุงเทพมหานคร (กทม.)'),
(9, '29052017060621myhome_8.jpg', 'คุณหญิง ณพัทร ศิริราชสีห์', 'CEO บริษัท เอช ดี เอช กรุ๊ป จำกัด', 'เรียนรู้จากคนรอบๆตัว ประกอบกับการเปิดตำราอาหารแล้วลองทำ หาคำตอบแล้วจดบันทึก จนได้มาอยู่ในครัวอาหารค่ำที่ทุกอย่างต้องสมบูรณ์แบบ ได้ทำงานกับเชฟอาหารฝรั่งเศสที่มีสไตล์อนุรักษ์นิยม หลังจากเจอกับประสบการณ์ที่หลากหลาย ผ่านสิ่งต่างๆมาช่วงหนึ่งของชีวิต บทเรียนสำหรับสิ่งเหล่านี้ ทำให้เขารู้สึกว่า “การทำอาหารก็เหมือนกับการเดินทาง ตรงที่ต้องใช้ทั้งแรงกาย แรงใจ แลกประสบการณ์ใหม่ๆ และยังมีสถานที่ แหล่งความรู้อีกมากมาย ที่รอให้เราเข้าไปค้นหา”');

-- --------------------------------------------------------

--
-- Table structure for table `admin_groups`
--

CREATE TABLE `admin_groups` (
  `id` mediumint(8) UNSIGNED NOT NULL,
  `name` varchar(20) NOT NULL,
  `description` varchar(100) NOT NULL
) ENGINE=InnoDB DEFAULT CHARSET=utf8;

--
-- Dumping data for table `admin_groups`
--

INSERT INTO `admin_groups` (`id`, `name`, `description`) VALUES
(1, 'webmaster', 'Webmaster'),
(2, 'admin', 'Administrator'),
(3, 'manager', 'Manager'),
(4, 'staff', 'Staff');

-- --------------------------------------------------------

--
-- Table structure for table `admin_login_attempts`
--

CREATE TABLE `admin_login_attempts` (
  `id` int(11) UNSIGNED NOT NULL,
  `ip_address` varchar(15) NOT NULL,
  `login` varchar(100) NOT NULL,
  `time` int(11) UNSIGNED DEFAULT NULL
) ENGINE=InnoDB DEFAULT CHARSET=utf8;

-- --------------------------------------------------------

--
-- Table structure for table `admin_users`
--

CREATE TABLE `admin_users` (
  `id` int(11) UNSIGNED NOT NULL,
  `ip_address` varchar(15) NOT NULL,
  `username` varchar(100) DEFAULT NULL,
  `password` varchar(255) NOT NULL,
  `salt` varchar(255) DEFAULT NULL,
  `email` varchar(100) DEFAULT NULL,
  `activation_code` varchar(40) DEFAULT NULL,
  `forgotten_password_code` varchar(40) DEFAULT NULL,
  `forgotten_password_time` int(11) UNSIGNED DEFAULT NULL,
  `remember_code` varchar(40) DEFAULT NULL,
  `created_on` int(11) UNSIGNED NOT NULL,
  `last_login` int(11) UNSIGNED DEFAULT NULL,
  `active` tinyint(1) UNSIGNED DEFAULT NULL,
  `first_name` varchar(50) DEFAULT NULL,
  `last_name` varchar(50) DEFAULT NULL
) ENGINE=InnoDB DEFAULT CHARSET=utf8;

--
-- Dumping data for table `admin_users`
--

INSERT INTO `admin_users` (`id`, `ip_address`, `username`, `password`, `salt`, `email`, `activation_code`, `forgotten_password_code`, `forgotten_password_time`, `remember_code`, `created_on`, `last_login`, `active`, `first_name`, `last_name`) VALUES
(1, '127.0.0.1', 'webmaster', '$2y$08$/X5gzWjesYi78GqeAv5tA.dVGBVP7C1e1PzqnYCVe5s1qhlDIPPES', NULL, NULL, NULL, NULL, NULL, NULL, 1451900190, 1500024043, 1, 'Webmaster', ''),
(2, '127.0.0.1', 'admin', '$2y$08$7Bkco6JXtC3Hu6g9ngLZDuHsFLvT7cyAxiz1FzxlX5vwccvRT7nKW', NULL, NULL, NULL, NULL, NULL, NULL, 1451900228, 1451903990, 1, 'Admin', NULL),
(3, '127.0.0.1', 'manager', '$2y$08$snzIJdFXvg/rSHe0SndIAuvZyjktkjUxBXkrrGdkPy1K6r5r/dMLa', NULL, NULL, NULL, NULL, NULL, NULL, 1451900430, NULL, 1, 'Manager', ''),
(4, '127.0.0.1', 'staff', '$2y$08$NigAXjN23CRKllqe3KmjYuWXD5iSRPY812SijlhGeKfkrMKde9da6', NULL, NULL, NULL, NULL, NULL, NULL, 1451900439, NULL, 1, 'Staff', ''),
(5, '::1', 'mans1800', '$2y$08$sYJQBACqMLH983PqyiAPXe0I2pKANNP8n5z5AQCGFLdxWSiB06zE2', NULL, NULL, NULL, NULL, NULL, NULL, 1483603801, 1484020980, 1, 'Apirat', 'Pakakaew'),
(6, '::1', 'mans1900', '$2y$08$3bzbmRVk1jcVzFl8GXvAw.GxtYU4YJtn5nEHdrItkhMrom53JXoKC', NULL, NULL, NULL, NULL, NULL, NULL, 1483603891, 1483603917, 1, 'Apirat', 'Pakakaew'),
(7, '::1', 'mans1700', '$2y$08$YuSc2EaRrmMNlGx2drwZ7ubRBDnHxZuBLay0i3PW97pS0VegNONiK', NULL, NULL, NULL, NULL, NULL, NULL, 1483603909, 1483674195, 1, 'Apirat', 'Pakakaew');

-- --------------------------------------------------------

--
-- Table structure for table `admin_users_groups`
--

CREATE TABLE `admin_users_groups` (
  `id` int(11) UNSIGNED NOT NULL,
  `user_id` int(11) UNSIGNED NOT NULL,
  `group_id` mediumint(8) UNSIGNED NOT NULL
) ENGINE=InnoDB DEFAULT CHARSET=utf8;

--
-- Dumping data for table `admin_users_groups`
--

INSERT INTO `admin_users_groups` (`id`, `user_id`, `group_id`) VALUES
(1, 1, 1),
(2, 2, 2),
(3, 3, 3),
(4, 4, 4),
(5, 5, 2),
(6, 6, 3),
(7, 7, 4);

-- --------------------------------------------------------

--
-- Table structure for table `ci_sessions`
--

CREATE TABLE `ci_sessions` (
  `id` varchar(128) NOT NULL,
  `ip_address` varchar(45) NOT NULL,
  `timestamp` int(10) UNSIGNED NOT NULL DEFAULT '0',
  `data` blob NOT NULL
) ENGINE=InnoDB DEFAULT CHARSET=utf8;

--
-- Dumping data for table `ci_sessions`
--

INSERT INTO `ci_sessions` (`id`, `ip_address`, `timestamp`, `data`) VALUES
('254fusv3dh6qtve1e7oqcjcgf908b4hl', '::1', 1499911416, 0x5f5f63695f6c6173745f726567656e65726174657c693a313439393931313233333b),
('5saseh6npm1nt07vlbp6t7vaujj4p3v2', '::1', 1499912159, 0x5f5f63695f6c6173745f726567656e65726174657c693a313439393931323034363b),
('r18u4q4mfejd8qc0j4blqllchcij4mgg', '::1', 1499912386, 0x5f5f63695f6c6173745f726567656e65726174657c693a313439393931323338363b),
('01jpmbqugspit6373mpqkcimlqkrutvd', '::1', 1499914009, 0x5f5f63695f6c6173745f726567656e65726174657c693a313439393931333739373b),
('bh2045337ilr30iounepk786gommpdrd', '::1', 1499914008, 0x5f5f63695f6c6173745f726567656e65726174657c693a313439393931333838383b6964656e746974797c733a393a227765626d6173746572223b757365726e616d657c733a393a227765626d6173746572223b656d61696c7c4e3b757365725f69647c733a313a2231223b6f6c645f6c6173745f6c6f67696e7c733a31303a2231343939383834353739223b),
('51731ja4n96oqs7l3mn911iasonsnmuh', '::1', 1499914354, 0x5f5f63695f6c6173745f726567656e65726174657c693a313439393931343237373b),
('vs7maklqp7bc0ahgo3hels1eevucr6ub', '::1', 1499915094, 0x5f5f63695f6c6173745f726567656e65726174657c693a313439393931343830373b),
('rolftarkn6ingc7n9cclavgrtbvnvv9o', '::1', 1499915093, 0x5f5f63695f6c6173745f726567656e65726174657c693a313439393931353039333b6964656e746974797c733a393a227765626d6173746572223b757365726e616d657c733a393a227765626d6173746572223b656d61696c7c4e3b757365725f69647c733a313a2231223b6f6c645f6c6173745f6c6f67696e7c733a31303a2231343939383834353739223b),
('pc1r03j9e088d1up5ijt7fv1u3f9vh4t', '::1', 1499915307, 0x5f5f63695f6c6173745f726567656e65726174657c693a313439393931353134313b),
('q3rsknkmlo4m99qld5i20etmtsnldh45', '::1', 1499916703, 0x5f5f63695f6c6173745f726567656e65726174657c693a313439393931363533353b),
('sr1mn6v8897saqnepdcs3ssnialdhfb1', '::1', 1499918160, 0x5f5f63695f6c6173745f726567656e65726174657c693a313439393931383135353b6964656e746974797c733a393a227765626d6173746572223b757365726e616d657c733a393a227765626d6173746572223b656d61696c7c4e3b757365725f69647c733a313a2231223b6f6c645f6c6173745f6c6f67696e7c733a31303a2231343939383834353739223b),
('tkdqei6q7si9ecnetjfvqbui4pb6epq6', '::1', 1499918155, 0x5f5f63695f6c6173745f726567656e65726174657c693a313439393931383135353b),
('1nacvsqdtl6cre51vlgh9vk37u3gofq7', '::1', 1499918414, 0x5f5f63695f6c6173745f726567656e65726174657c693a313439393931383135353b),
('3v067uquj1a1peraompc3ihbk6k9o0qv', '::1', 1499918542, 0x5f5f63695f6c6173745f726567656e65726174657c693a313439393931383437363b),
('ot7hdpqdfj2f9e4jo9bvqq1va8kd56e4', '::1', 1499918846, 0x5f5f63695f6c6173745f726567656e65726174657c693a313439393931383834363b),
('ururat661p90efmorj82gsg6bdvn6b8p', '::1', 1499927990, 0x5f5f63695f6c6173745f726567656e65726174657c693a313439393932373937353b),
('tsleht38eja18vnh3drmiki4k2an6i2g', '::1', 1499928834, 0x5f5f63695f6c6173745f726567656e65726174657c693a313439393932383535343b),
('jr6ksv4ch5751ctvl6fho4d4fmojcfo1', '::1', 1499929163, 0x5f5f63695f6c6173745f726567656e65726174657c693a313439393932393030333b),
('3agjndip9v4566n971nrvgtgt4omf959', '::1', 1499932616, 0x5f5f63695f6c6173745f726567656e65726174657c693a313439393933323333313b),
('s4fpsrbnv0vnh5mcboopa3bfrltjok8e', '::1', 1499933061, 0x5f5f63695f6c6173745f726567656e65726174657c693a313439393933323831313b),
('ttlfhietvf9hqv9nn9lupr2p1qqo9rmf', '::1', 1499933509, 0x5f5f63695f6c6173745f726567656e65726174657c693a313439393933333231313b),
('5ts8476p7jn870l72fqnf8i9ssf6tp0v', '::1', 1499933715, 0x5f5f63695f6c6173745f726567656e65726174657c693a313439393933333532383b),
('beoh3s223gnbm3hudhfhg6pgja96uc8b', '::1', 1499934102, 0x5f5f63695f6c6173745f726567656e65726174657c693a313439393933333837353b),
('r9b0ruilehkd11gcqmp88j2a9r35637l', '::1', 1499934458, 0x5f5f63695f6c6173745f726567656e65726174657c693a313439393933343139343b),
('rrq4013krnhqm21ncq82mgjrv7p1r6bh', '::1', 1499934545, 0x5f5f63695f6c6173745f726567656e65726174657c693a313439393933343435343b6964656e746974797c733a393a227765626d6173746572223b757365726e616d657c733a393a227765626d6173746572223b656d61696c7c4e3b757365725f69647c733a313a2231223b6f6c645f6c6173745f6c6f67696e7c733a31303a2231343939393130393033223b),
('qisn23aqhk36oms5e7k8t58mf471ojfj', '::1', 1499934531, 0x5f5f63695f6c6173745f726567656e65726174657c693a313439393933343533313b),
('od0mgtc6e2c4rislg9o5ruqbah1lvcft', '::1', 1499934545, 0x5f5f63695f6c6173745f726567656e65726174657c693a313439393933343533313b),
('ii5ce25m8k4n6ip1bj1m5pnp6qbllj19', '::1', 1499935316, 0x5f5f63695f6c6173745f726567656e65726174657c693a313439393933353031393b),
('fs3dpulruk2p4bjm0ikv5g98jvurcjrd', '::1', 1499935633, 0x5f5f63695f6c6173745f726567656e65726174657c693a313439393933353337323b),
('k0r2dnff9b6p2o8jv1v6f8in2su90sns', '::1', 1499935951, 0x5f5f63695f6c6173745f726567656e65726174657c693a313439393933353639373b),
('564ltne3r41rvgptafov6gs0a8797ieq', '::1', 1499936255, 0x5f5f63695f6c6173745f726567656e65726174657c693a313439393933363031373b),
('d6r0sv8tnvi3pn4bogkk1k7ljqf5b54m', '::1', 1499936736, 0x5f5f63695f6c6173745f726567656e65726174657c693a313439393933363435323b),
('beud5atnu75fup6vjpoh0nsl9f5jqbq1', '::1', 1499936902, 0x5f5f63695f6c6173745f726567656e65726174657c693a313439393933363833313b),
('3gu994pdtpk02sfc7r26nfph01bn6ur5', '::1', 1499937355, 0x5f5f63695f6c6173745f726567656e65726174657c693a313439393933373237393b),
('f16o2bbqshviah4tlhvkk3lo58qdnlo2', '::1', 1499937331, 0x5f5f63695f6c6173745f726567656e65726174657c693a313439393933373333313b),
('mjderelnfdqiojv0lca6m2jh5fir51lv', '::1', 1499937722, 0x5f5f63695f6c6173745f726567656e65726174657c693a313439393933373732323b),
('f0acq3vtotmr9n7orikhe634bg77hoe0', '::1', 1499938009, 0x5f5f63695f6c6173745f726567656e65726174657c693a313439393933383030393b),
('09obrqvgsvui33s7c43np8vak9ikih50', '::1', 1499938410, 0x5f5f63695f6c6173745f726567656e65726174657c693a313439393933383131363b),
('9cjaa6j0n90cl8oe3fl77cuivg32hl1k', '::1', 1499938715, 0x5f5f63695f6c6173745f726567656e65726174657c693a313439393933383433323b),
('17i5827cnsa0qt5iu54qaugtoe7oba6o', '::1', 1499938929, 0x5f5f63695f6c6173745f726567656e65726174657c693a313439393933383734333b),
('vobiac6j1drs45ma10hfivikq3euem3o', '::1', 1499939262, 0x5f5f63695f6c6173745f726567656e65726174657c693a313439393933393035383b),
('ehcd4lh066frg78kp0n49v1cojvfgp3o', '::1', 1499939706, 0x5f5f63695f6c6173745f726567656e65726174657c693a313439393933393531373b6964656e746974797c733a393a227765626d6173746572223b757365726e616d657c733a393a227765626d6173746572223b656d61696c7c4e3b757365725f69647c733a313a2231223b6f6c645f6c6173745f6c6f67696e7c733a31303a2231343939393130393033223b),
('or6s8gea10u21esentrqft8fr4kfp254', '::1', 1499939517, 0x5f5f63695f6c6173745f726567656e65726174657c693a313439393933393531373b),
('up5cdf5iblcos8tqvt6aqqehg9knj367', '::1', 1499939706, 0x5f5f63695f6c6173745f726567656e65726174657c693a313439393933393531373b),
('8n7rfh5d1sg6i1qbcvrhunc4f9lbibl2', '::1', 1499940407, 0x5f5f63695f6c6173745f726567656e65726174657c693a313439393934303237313b),
('eslilt0t3r2uv0i5rdt3a5dmp7pqarh2', '::1', 1499940407, 0x5f5f63695f6c6173745f726567656e65726174657c693a313439393934303239363b6964656e746974797c733a393a227765626d6173746572223b757365726e616d657c733a393a227765626d6173746572223b656d61696c7c4e3b757365725f69647c733a313a2231223b6f6c645f6c6173745f6c6f67696e7c733a31303a2231343939393130393033223b),
('4bfqf7fn1m7ft94j4niigsmvd5o51q8r', '::1', 1499940780, 0x5f5f63695f6c6173745f726567656e65726174657c693a313439393934303639303b6964656e746974797c733a393a227765626d6173746572223b757365726e616d657c733a393a227765626d6173746572223b656d61696c7c4e3b757365725f69647c733a313a2231223b6f6c645f6c6173745f6c6f67696e7c733a31303a2231343939393130393033223b),
('c4sr3crebmcc37f28aihplc6u5g5m4k2', '::1', 1499940690, 0x5f5f63695f6c6173745f726567656e65726174657c693a313439393934303639303b),
('kt868o1tnu80csvqpiql03j7re8vasda', '::1', 1499940781, 0x5f5f63695f6c6173745f726567656e65726174657c693a313439393934303639303b),
('2ln8oridnkic026c0ed2jja55sjsddo9', '::1', 1499941619, 0x5f5f63695f6c6173745f726567656e65726174657c693a313439393934313332373b6964656e746974797c733a393a227765626d6173746572223b757365726e616d657c733a393a227765626d6173746572223b656d61696c7c4e3b757365725f69647c733a313a2231223b6f6c645f6c6173745f6c6f67696e7c733a31303a2231343939393130393033223b),
('vqj2k5ls0j27tcetgnbdsujb0oqcr48f', '::1', 1499941327, 0x5f5f63695f6c6173745f726567656e65726174657c693a313439393934313332373b),
('tk7p23lqoen9e7tsc2s2fc89q8m3jcv1', '::1', 1499941619, 0x5f5f63695f6c6173745f726567656e65726174657c693a313439393934313332373b),
('3v5q770k9bptap0h1hkcm8cjqfi1v4n4', '::1', 1499941511, 0x5f5f63695f6c6173745f726567656e65726174657c693a313439393934313531303b),
('hcfeu2102irubfmtc6rtc8e5639uirgj', '::1', 1499941802, 0x5f5f63695f6c6173745f726567656e65726174657c693a313439393934313735313b6964656e746974797c733a393a227765626d6173746572223b757365726e616d657c733a393a227765626d6173746572223b656d61696c7c4e3b757365725f69647c733a313a2231223b6f6c645f6c6173745f6c6f67696e7c733a31303a2231343939393130393033223b),
('6hc5mrj1m6infjrv8lmhkuf5ap52ukua', '::1', 1499941751, 0x5f5f63695f6c6173745f726567656e65726174657c693a313439393934313735313b),
('arkga27im23ejfnci5u9s17gsi5greb5', '::1', 1499941802, 0x5f5f63695f6c6173745f726567656e65726174657c693a313439393934313735313b),
('pv9uprpouiutvn1ein59no4hrmms6luv', '::1', 1499942111, 0x5f5f63695f6c6173745f726567656e65726174657c693a313439393934323037363b6964656e746974797c733a393a227765626d6173746572223b757365726e616d657c733a393a227765626d6173746572223b656d61696c7c4e3b757365725f69647c733a313a2231223b6f6c645f6c6173745f6c6f67696e7c733a31303a2231343939393130393033223b),
('r51mao5slcsmo9rsafh6lis165hj7ju7', '::1', 1499942077, 0x5f5f63695f6c6173745f726567656e65726174657c693a313439393934323037363b),
('3uk4opu0qqm4uj0hr3sp00vscl3da47k', '::1', 1499942168, 0x5f5f63695f6c6173745f726567656e65726174657c693a313439393934323037363b),
('ebt49aafv0tedspe86vf6i87tc4jjdac', '::1', 1499942671, 0x5f5f63695f6c6173745f726567656e65726174657c693a313439393934323338313b6964656e746974797c733a393a227765626d6173746572223b757365726e616d657c733a393a227765626d6173746572223b656d61696c7c4e3b757365725f69647c733a313a2231223b6f6c645f6c6173745f6c6f67696e7c733a31303a2231343939393130393033223b),
('rq9s5h09odkrdqsa7hthtgar66rjkbb4', '::1', 1499942381, 0x5f5f63695f6c6173745f726567656e65726174657c693a313439393934323338313b),
('tudb0eoptt1icpc9915cqic0pij438lm', '::1', 1499942672, 0x5f5f63695f6c6173745f726567656e65726174657c693a313439393934323338313b),
('9l67uipda2oid74s8cnkhfh6brsvcnap', '::1', 1499942912, 0x5f5f63695f6c6173745f726567656e65726174657c693a313439393934323734343b6964656e746974797c733a393a227765626d6173746572223b757365726e616d657c733a393a227765626d6173746572223b656d61696c7c4e3b757365725f69647c733a313a2231223b6f6c645f6c6173745f6c6f67696e7c733a31303a2231343939393130393033223b),
('mkiviqukv7v57erl7iiuqqtflb1hk1a9', '::1', 1499942744, 0x5f5f63695f6c6173745f726567656e65726174657c693a313439393934323734343b),
('0f7dlivqk5ka7m1rv0ufq25460bin3av', '::1', 1499942912, 0x5f5f63695f6c6173745f726567656e65726174657c693a313439393934323734343b),
('heqeio4sf0e5s3u42p5a0buhsaani2bn', '::1', 1499943511, 0x5f5f63695f6c6173745f726567656e65726174657c693a313439393934333338343b6964656e746974797c733a393a227765626d6173746572223b757365726e616d657c733a393a227765626d6173746572223b656d61696c7c4e3b757365725f69647c733a313a2231223b6f6c645f6c6173745f6c6f67696e7c733a31303a2231343939393130393033223b),
('7kp5k9a5jtsc2v4mfsjctrd8laijp84i', '::1', 1499943384, 0x5f5f63695f6c6173745f726567656e65726174657c693a313439393934333338343b),
('1fkn7djsdj95gch7en09tg7fme0b3lj4', '::1', 1499943512, 0x5f5f63695f6c6173745f726567656e65726174657c693a313439393934333338343b),
('c33pnqulk2uvsn0p54gdtc4b4mjqdjdv', '::1', 1499998847, 0x5f5f63695f6c6173745f726567656e65726174657c693a313439393939383733373b6964656e746974797c733a393a227765626d6173746572223b757365726e616d657c733a393a227765626d6173746572223b656d61696c7c4e3b757365725f69647c733a313a2231223b6f6c645f6c6173745f6c6f67696e7c733a31303a2231343939393334343536223b),
('fkim0i84f1obcb8rikf8ak7hueoqo15l', '::1', 1499998738, 0x5f5f63695f6c6173745f726567656e65726174657c693a313439393939383733373b),
('i8q9hetpeepirr64i6ibjvvs0bbvfhoc', '::1', 1499998738, 0x5f5f63695f6c6173745f726567656e65726174657c693a313439393939383733373b),
('4ltqqontp42ca9k7n0vqj6fpungg9dh2', '::1', 1499998847, 0x5f5f63695f6c6173745f726567656e65726174657c693a313439393939383733373b),
('cskalrstskuqi3b22eenepgir8634m1b', '::1', 1500001024, 0x5f5f63695f6c6173745f726567656e65726174657c693a313530303030313032343b),
('gg5mo41f9ttebqsh5tlnrlv8iuoaqgck', '::1', 1500001770, 0x5f5f63695f6c6173745f726567656e65726174657c693a313530303030313531363b),
('1ch7bb2eh7lgd3048mlgpt8jideup0kv', '::1', 1500001857, 0x5f5f63695f6c6173745f726567656e65726174657c693a313530303030313832343b),
('67j3486vu4ma4pm6i7hteblqig53lnop', '::1', 1500002960, 0x5f5f63695f6c6173745f726567656e65726174657c693a313530303030323936303b),
('jqkgupvhv8fajbafih0jdnubkli45k82', '::1', 1500003780, 0x5f5f63695f6c6173745f726567656e65726174657c693a313530303030333639303b6964656e746974797c733a393a227765626d6173746572223b757365726e616d657c733a393a227765626d6173746572223b656d61696c7c4e3b757365725f69647c733a313a2231223b6f6c645f6c6173745f6c6f67696e7c733a31303a2231343939393334343536223b),
('r9ivp39avvas596ff5t0p33jvijo71pd', '::1', 1500003780, 0x5f5f63695f6c6173745f726567656e65726174657c693a313530303030333639303b),
('k38j5bnrb7u7l5thmik5ulnsjr8h25kg', '::1', 1500004281, 0x5f5f63695f6c6173745f726567656e65726174657c693a313530303030343035323b4c4153545f41435449564954597c693a313530303030343236323b),
('ova1q0ajqf37la6tcsu7psadfm0c14kt', '::1', 1500004280, 0x5f5f63695f6c6173745f726567656e65726174657c693a313530303030343039373b6964656e746974797c733a393a227765626d6173746572223b757365726e616d657c733a393a227765626d6173746572223b656d61696c7c4e3b757365725f69647c733a313a2231223b6f6c645f6c6173745f6c6f67696e7c733a31303a2231343939393334343536223b),
('1f39jo02qi76ubpn6dbr8p3n8333c9gu', '::1', 1500004525, 0x5f5f63695f6c6173745f726567656e65726174657c693a313530303030343435313b6964656e746974797c733a393a227765626d6173746572223b757365726e616d657c733a393a227765626d6173746572223b656d61696c7c4e3b757365725f69647c733a313a2231223b6f6c645f6c6173745f6c6f67696e7c733a31303a2231343939393334343536223b),
('uj4smbqno3r7jif6jpbtomsi11npd04g', '::1', 1500004451, 0x5f5f63695f6c6173745f726567656e65726174657c693a313530303030343435313b4c4153545f41435449564954597c693a313530303030343236323b),
('l0ss75aart7lv0udmr43ccb1vjb9foot', '::1', 1500004528, 0x5f5f63695f6c6173745f726567656e65726174657c693a313530303030343435313b4c4153545f41435449564954597c693a313530303030343236323b),
('ffss25c32qhvuna4gsts8t68ifl1ba3g', '::1', 1500005376, 0x5f5f63695f6c6173745f726567656e65726174657c693a313530303030353239303b6964656e746974797c733a393a227765626d6173746572223b757365726e616d657c733a393a227765626d6173746572223b656d61696c7c4e3b757365725f69647c733a313a2231223b6f6c645f6c6173745f6c6f67696e7c733a31303a2231343939393334343536223b),
('d5elf14iqam8m2gksm5okkdsdmbsei7b', '::1', 1500005290, 0x5f5f63695f6c6173745f726567656e65726174657c693a313530303030353239303b4c4153545f41435449564954597c693a313530303030343236323b),
('oht49tbl97ngmg9sc1nm0ij80b7jvu3r', '::1', 1500005376, 0x5f5f63695f6c6173745f726567656e65726174657c693a313530303030353239303b4c4153545f41435449564954597c693a313530303030343236323b),
('1ncmql38qs2c1a21mkfqenc8ndqrfn0p', '::1', 1500006142, 0x5f5f63695f6c6173745f726567656e65726174657c693a313530303030363133383b4c4153545f41435449564954597c693a313530303030343236323b),
('ffqa61m1lg9ljvpo4bloovjdsne28rp6', '::1', 1500011891, 0x5f5f63695f6c6173745f726567656e65726174657c693a313530303031313630333b4c4153545f41435449564954597c693a313530303030343236323b),
('lkkocfjjk3rimh573dthan2kvve4n1u8', '::1', 1500012183, 0x5f5f63695f6c6173745f726567656e65726174657c693a313530303031313933313b4c4153545f41435449564954597c693a313530303030343236323b),
('d8jc859nee25qhtga1alvn3jejgebepc', '::1', 1500012183, 0x5f5f63695f6c6173745f726567656e65726174657c693a313530303031313936323b6964656e746974797c733a393a227765626d6173746572223b757365726e616d657c733a393a227765626d6173746572223b656d61696c7c4e3b757365725f69647c733a313a2231223b6f6c645f6c6173745f6c6f67696e7c733a31303a2231343939393334343536223b),
('62kktetti5vnfb5pt49r4fhnmgfranuq', '::1', 1500013830, 0x5f5f63695f6c6173745f726567656e65726174657c693a313530303031333632333b6964656e746974797c733a393a227765626d6173746572223b757365726e616d657c733a393a227765626d6173746572223b656d61696c7c4e3b757365725f69647c733a313a2231223b6f6c645f6c6173745f6c6f67696e7c733a31303a2231343939393334343536223b),
('eajn8i974biepisbiibumg3ret5vvpcq', '::1', 1500013623, 0x5f5f63695f6c6173745f726567656e65726174657c693a313530303031333632333b4c4153545f41435449564954597c693a313530303030343236323b),
('0cabggn2g39ie3rq3390qni7u2cbsp70', '::1', 1500013623, 0x5f5f63695f6c6173745f726567656e65726174657c693a313530303031333632333b4c4153545f41435449564954597c693a313530303030343236323b),
('3gikqc27lnncdm94t1s0he03d45583s1', '::1', 1500014877, 0x5f5f63695f6c6173745f726567656e65726174657c693a313530303031343639373b6964656e746974797c733a393a227765626d6173746572223b757365726e616d657c733a393a227765626d6173746572223b656d61696c7c4e3b757365725f69647c733a313a2231223b6f6c645f6c6173745f6c6f67696e7c733a31303a2231343939393334343536223b),
('55eo3j9velpr4jmbrvftrqmlm8hk7ift', '::1', 1500014697, 0x5f5f63695f6c6173745f726567656e65726174657c693a313530303031343639373b4c4153545f41435449564954597c693a313530303030343236323b),
('67603os5ffdermaejai2a5v08rhknbub', '::1', 1500014877, 0x5f5f63695f6c6173745f726567656e65726174657c693a313530303031343639373b4c4153545f41435449564954597c693a313530303030343236323b),
('0vnfaqim6jcpeuc777202hlhvh5b647u', '::1', 1500024216, 0x5f5f63695f6c6173745f726567656e65726174657c693a313530303032333931383b),
('569jd7fkls73gi06k5flff97usdcfoii', '::1', 1500024215, 0x5f5f63695f6c6173745f726567656e65726174657c693a313530303032343034313b6964656e746974797c733a393a227765626d6173746572223b757365726e616d657c733a393a227765626d6173746572223b656d61696c7c4e3b757365725f69647c733a313a2231223b6f6c645f6c6173745f6c6f67696e7c733a31303a2231343939393938373532223b),
('qte1d98e3urass8lnba8oee9rcs9ps4t', '::1', 1500025339, 0x5f5f63695f6c6173745f726567656e65726174657c693a313530303032353333393b),
('kf1fbvr7ph7f61rdqsnuf7uqm28t565v', '::1', 1500026969, 0x5f5f63695f6c6173745f726567656e65726174657c693a313530303032363936393b),
('s7rule4qg4o1tqn1m4e8kq8k69h0iam4', '::1', 1500027674, 0x5f5f63695f6c6173745f726567656e65726174657c693a313530303032373637333b6964656e746974797c733a393a227765626d6173746572223b757365726e616d657c733a393a227765626d6173746572223b656d61696c7c4e3b757365725f69647c733a313a2231223b6f6c645f6c6173745f6c6f67696e7c733a31303a2231343939393938373532223b),
('td11jvpl4oh4v5nmci0r60n5nuviclq2', '::1', 1500027673, 0x5f5f63695f6c6173745f726567656e65726174657c693a313530303032373637333b),
('gh9odtl5a6d0b1jnh9pmejv65788e7s4', '::1', 1500027674, 0x5f5f63695f6c6173745f726567656e65726174657c693a313530303032373637333b),
('6ecccp3piqts9brcahuara2g409flqul', '::1', 1500342622, 0x5f5f63695f6c6173745f726567656e65726174657c693a313530303334323632323b),
('6d5v3qlkv9v32ic90uhomv6ifh7agluc', '::1', 1500371592, 0x5f5f63695f6c6173745f726567656e65726174657c693a313530303337313539323b);

-- --------------------------------------------------------

--
-- Table structure for table `duangsettee_dst_activity`
--

CREATE TABLE `duangsettee_dst_activity` (
  `ac_id` int(10) NOT NULL,
  `ac_topic` text NOT NULL,
  `ac_content` longtext NOT NULL,
  `ac_image` varchar(255) NOT NULL,
  `title_tag` varchar(255) NOT NULL,
  `meta_description` varchar(255) NOT NULL,
  `meta_keyword` varchar(255) NOT NULL,
  `og_url` varchar(255) NOT NULL,
  `og_type` varchar(255) NOT NULL,
  `og_title` varchar(255) NOT NULL,
  `og_description` varchar(255) NOT NULL,
  `og_image` varchar(255) NOT NULL
) ENGINE=InnoDB DEFAULT CHARSET=utf8;

--
-- Dumping data for table `duangsettee_dst_activity`
--

INSERT INTO `duangsettee_dst_activity` (`ac_id`, `ac_topic`, `ac_content`, `ac_image`, `title_tag`, `meta_description`, `meta_keyword`, `og_url`, `og_type`, `og_title`, `og_description`, `og_image`) VALUES
(1, 'แมว', 'นั่นไงแมว', '1bad0faa566f8b621f6f0968bddce55a.jpg', '', '', '', '', '', '', '', ''),
(2, 'กิจกรรมที่ 1', 'กิจกรรมที่ 1', '1bad0faa566f8b621f6f0968bddce55a.jpg', '', '', '', '', '', '', '', ''),
(3, 'กิจกรรมที่ 2', 'กิจกรรมที่ 2', '4111bbe23cbee461f421c8047fc3353f.jpg', '', '', '', '', '', '', '', ''),
(4, 'กิจกรรมที่ 3', 'กิจกรรมที่ 3', '1bad0faa566f8b621f6f0968bddce55a.jpg', '', '', '', '', '', '', '', ''),
(5, 'กิจกรรมที่ 4', 'กิจกรรมที่ 4', '1bad0faa566f8b621f6f0968bddce55a.jpg', '', '', '', '', '', '', '', ''),
(6, 'กิจกรรมที่ 5', 'กิจกรรมที่ 5', '1bad0faa566f8b621f6f0968bddce55a.jpg', '', '', '', '', '', '', '', ''),
(7, 'กิจกรรมที่ 6', 'กิจกรรมที่ 6', '1bad0faa566f8b621f6f0968bddce55a.jpg', '', '', '', '', '', '', '', ''),
(8, 'กิจกรรมที่ 7', 'กิจกรรมที่ 7', '1bad0faa566f8b621f6f0968bddce55a.jpg', '', '', '', '', '', '', '', ''),
(9, 'กิจกรรมที่ 8', 'กิจกรรมที่ 8', '4111bbe23cbee461f421c8047fc3353f.jpg', '', '', '', '', '', '', '', ''),
(10, 'กิจกรรมที่ 9', 'กิจกรรมที่ 9', '1bad0faa566f8b621f6f0968bddce55a.jpg', '', '', '', '', '', '', '', ''),
(11, 'กิจกรรมที่ 10', 'กิจกรรมที่ 10', '1bad0faa566f8b621f6f0968bddce55a.jpg', '', '', '', '', '', '', '', '');

-- --------------------------------------------------------

--
-- Table structure for table `duangsettee_dst_base_number`
--

CREATE TABLE `duangsettee_dst_base_number` (
  `base_id` int(10) NOT NULL,
  `base_number` varchar(255) NOT NULL COMMENT 'หลัก x12-3456789'
) ENGINE=InnoDB DEFAULT CHARSET=utf8;

--
-- Dumping data for table `duangsettee_dst_base_number`
--

INSERT INTO `duangsettee_dst_base_number` (`base_id`, `base_number`) VALUES
(1, '3,4'),
(2, '4,5'),
(3, '5,6'),
(4, '6,7'),
(5, '7,8'),
(6, '8,9'),
(7, '3,4,5');

-- --------------------------------------------------------

--
-- Table structure for table `duangsettee_dst_contact`
--

CREATE TABLE `duangsettee_dst_contact` (
  `contact_id` int(10) NOT NULL,
  `contact_topic` varchar(255) NOT NULL,
  `contact_name` varchar(255) NOT NULL,
  `contact_email` varchar(255) NOT NULL,
  `contact_tel` varchar(255) NOT NULL,
  `contact_content` varchar(255) NOT NULL,
  `contact_date` date NOT NULL
) ENGINE=InnoDB DEFAULT CHARSET=utf8;

--
-- Dumping data for table `duangsettee_dst_contact`
--

INSERT INTO `duangsettee_dst_contact` (`contact_id`, `contact_topic`, `contact_name`, `contact_email`, `contact_tel`, `contact_content`, `contact_date`) VALUES
(2, 'ติชม', 'ม่อน', 'doraemon@hotmail.com', '0991234567', 'ทดสอบ', '2017-07-13'),
(3, 'ติชม', 'ฟฟ', 'a@hotmail.com', '0991234567', 'aaaaaa', '2017-07-13'),
(4, 'ติชม', 'aaa', 'a@hotmail.com', '0991234567', 'ccc', '2017-07-13'),
(5, 'จองคิวดูดวง', 'aaaaaaa', 'a@hotmail.com', '0991234567', 'rrrr', '2017-07-13');

-- --------------------------------------------------------

--
-- Table structure for table `duangsettee_dst_exp`
--

CREATE TABLE `duangsettee_dst_exp` (
  `exp_id` int(10) NOT NULL,
  `exp_topic` text NOT NULL,
  `exp_content` longtext NOT NULL,
  `exp_image` varchar(255) NOT NULL,
  `title_tag` varchar(255) NOT NULL,
  `meta_description` varchar(255) NOT NULL,
  `meta_keyword` varchar(255) NOT NULL,
  `og_url` varchar(255) NOT NULL,
  `og_type` varchar(255) NOT NULL,
  `og_title` varchar(255) NOT NULL,
  `og_description` varchar(255) NOT NULL,
  `og_image` varchar(255) NOT NULL
) ENGINE=InnoDB DEFAULT CHARSET=utf8;

--
-- Dumping data for table `duangsettee_dst_exp`
--

INSERT INTO `duangsettee_dst_exp` (`exp_id`, `exp_topic`, `exp_content`, `exp_image`, `title_tag`, `meta_description`, `meta_keyword`, `og_url`, `og_type`, `og_title`, `og_description`, `og_image`) VALUES
(1, 'เล่าเรื่องสยองก่อนนอน 433 : ไปส่งผี -', 'เรื่องนี้ส่งเข้ามาจากคุณแอมป์ ชุติพงษ์ ครับ คุณแอมป์เคยเขียนเรื่องนี้ไว้ที่เฟสบุ๊คของตัวเอง และที่กระทู้ Beetalk มาก่อน ซึ่งได้รับความนิยมสูง จนมีคนบอกให้คุณแอมป์ลองส่งเรื่องเข้ามาที่ TheHOUSE ดูบ้าง โดยเรื่องของคุณแอมป์มีอยู่ว่า.. เรื่องนี้เป็นประสบการณ์จริงที่ผมเคยเจอมาครับ สมัยที่ผมไปเรียนที่เชียงใหม่ ผมเรียนอยู่ไทยวิจิตรศิลป์ ช่วงปี 1 ทุกๆ วันผมกับเพื่อนๆ มักจะหากิจกรรมอะไรทำหลังเลิกเรียนเสมอ วันนั้นเราก็เลิกเรียนกันตามปกติ ประมาณบ่าย 3 ครึ่ง ผมก็เล่นบาสอยู่สักพัก เพื่อนผมคนหนึ่งชื่อ ไอ้แจ็ค ก็ชวนผมตามไปตีปิงปองต่อที่บ้านมัน ผมกับเพื่อนอีก 2 คนก็เลยขี่รถไปบ้านไอ้แจ็คกัน ไปกันทั้งหมด 4 คน มอเตอร์ไซค์ 3 คัน โดยผมกับไอ้แจ็คขี่กันคนละคัน ส่วน ไอ้แตง ซ้อนท้าย ไอ้กลม<br />\r\nก่อนจะไปบ้านไอ้แจ็ค พวกผมก็ขี่รถไปแวะบ้านไอ้แตงกันก่อน เพราะเป็นทางผ่านพอดี ไอ้แตงเอาของเข้าไปเก็บในบ้าน แล้วก็ขออนุญาตพ่อมันไปบ้านไอ้แจ็ค ซึ่งพ่อมันก็ไม่ได้ว่าอะไร แต่จู่ๆ พ่อมันก็ทักผมขึ้นมาว่า &lsquo;ไอ้ชุ&rsquo; (เพื่อนสมัยเรียนส่วนใหญ่จะเรียกผมชื่อนี้ครับ มาจากชื่อจริง ชุติพงษ์) &lsquo;เอ็งเป็นอะไรหรือเปล่า สีหน้าไม่ค่อยสู้ดีนะ?&rsquo; ผมก็ทำหน้างงๆ พ่อไอ้แตงก็ทักต่อว่า &lsquo;ช่วงนี้เอ็งดวงไม่ค่อยดี ทำอะไรก็ระวังๆ หน่อยล่ะ..&rsquo; คือพ่อของไอ้แตงเนี่ยเป็นเหมือนสัปปะเหร่อครับ มีหน้าที่ดูแลเรื่องงานศพของวัด และดูแลหลายๆ อย่างในวัด น่าจะเป็นคนมีของอยู่บ้าง แถมยังดูดวงแม่นมากอีกด้วย พอผมได้ยินที่พ่อไอ้แตงพูด ผมก็ได้แต่ตอบ &lsquo;ครับ&rsquo; แล้วก็ขี่รถออกมาโดยไม่ได้สนใจอะไรมากนัก<br />\r\nจนมาถึงบ้านไอ้แจ็ค เป็นหมู่บ้านใหญ่มีชื่อเสียงในเชียงใหม่ อยู่แถวๆ หางดง แต่ทางไปบ้านมันบอกได้คำเดียวว่าเปลี่ยวมากๆ มีแต่ต้นหญ้าสูง ต้นไม้ใหญ่ขึ้นเต็มไปหมด ไฟทางก็ไม่มี มืดสนิท ทางบางช่วงก็ขาดเป็นหินลูกรัง ซึ่งผมก็สังเกตเห็นโรงงานเก่าอยู่ข้างทาง ดูๆ แล้วน่าจะเป็นโรงสีเก่าที่ถูกทิ้งร้างไว้ เห็นแล้วชวนขนหัวลุกมาก หมู่บ้านนี้จะแยกเป็น 2 ฝั่งซ้าย-ขวา มีสี่แยกอยู่ตรงกลาง พวกผมมาถึงบ้านไอ้แจ็คประมาณเกือบ 5 โมงเย็นได้ ก็เล่นปิงปอง เล่นโน่นนี่ตามประสา จนเวลาล่วงเลยมาเกือบ 4 ทุ่ม พวกผมก็เลยขอตัวกลับกัน ขากลับเรากลับกันมา 2 คัน ผมขี่คนเดียว กับอีกคันเหมือนเดิมคือไอ้กลมกับไอ้แตง ระหว่างที่ขี่รถกลับ พวกเราก็คุยเล่นกันไปตลอดทาง จนจะถึงช่วงสี่แยกของหมู่บ้าน ผมก็ให้เพื่อนผมขี่นำไปก่อน พอถึงสี่แยกผมก็มองดูซ้าย ดูขวา ข้างทางมันมืดสนิท แทบมองไม่เห็นอะไรเลย นอกจากไฟจากหมู่บ้านที่อยู่ห่างไปลิบๆ จังหวะที่ผมขี่ผ่านสี่แยกไปนั้น จู่ๆผมก็ได้กลิ่นแปลกๆ ครับ กลิ่นเหมือนหนูตายหรืออะไรเน่าๆ แต่ก็ยังไม่ได้คิดอะไร แล้วไม่นาน ผมก็รู้สึกเย็นวาบที่กลางแผ่นหลัง เหมือนใครเอาน้ำแข็งเย็นๆ มาลูบที่หลังยังงั้นเลย มันทำให้ผมขนลุกอย่างมาก แต่ที่น่าตกใจกว่านั้นคือ รถมอเตอร์ไซค์ผมยวบลง! เหมือนมีอะไรหนักๆ มาทับอยู่ ผมตกใจ และเผลออุทานออกมาเสียงดัง &lsquo;เหี้ยยย!&rsquo; เพื่อนผม 2 คนที่ขี่รถนำหน้าไปก็หันมาถาม &lsquo;เป็นไรวะมึง?&rsquo; ผมก็ตะโกนตอบกลับไปว่า &lsquo;ไม่เป็นไร..&rsquo; พวกมันก็เลยขี่รถต่อไป แต่ในใจผมนี่บอกได้เลยว่า &lsquo;เป็นสิวะ! ต้องเป็นอะไรแน่ๆ เพราะผมรู้สึกเหมือนกับว่ามีใครมาซ้อนท้ายผมอยู่!&rsquo; ผมพยายามกลั้นใจหันไปมอง แต่ก็ไม่เห็นมีอะไรนี่หว่า ผมรู้สึกโล่งอกมากที่ไม่เห็นอะไร ผมเลยเร่งเครื่องไปตีคู่เพื่อคุยกับเพื่อนๆ ต่อ<br />\r\nระหว่างที่ผมคุยกับไอ้กลม ไอ้แตงที่นั่งซ้อนอยู่ก็หันมามองทางผม แล้วก็ทำท่าทางแปลกๆ เหมือนเห็นอะไรบางอย่าง ผมถามไอ้แตง &lsquo;เฮ้ย มึงเป็นเหี้ยไร มีอะไร?&rsquo; มันก็เอาแต่หันหน้าหนีไม่ยอมตอบคำถามผม และสะกิดไอ้กลมให้รีบๆ ขี่แซงผมไปไวๆ ผมก็งงว่ามันเป็นอะไร? ผมขี่ตามพวกมันมาได้สักพัก ความมืดตลอดข้างทาง และความเย็นยะเยือกรอบตัว ทำให้ผมรู้สึกแปลกๆ อีกครั้งครับ คือผมรู้สึกหนักที่หัวไหล่ขวา ผมหันมองหัวไหล่ตัวเอง เอามือลูบๆ บีบๆ มันก็ไม่มีอะไรนี่หว่า.. แต่จู่ๆ หูผมก็ได้ยินเสียงที่ทำให้ผมขนลุกสุดๆ &lsquo;กึด..กึด..กึด&rsquo; เป็นเสียงเหมือนคนกัดฟันน่ะครับ แม่คุณเอ้ย! เล่าไปนี่ก็ขนลุกไป ผมผวามากๆ จะจอดรถก็ไม่กล้า มันเป็นเสียงที่สยองที่สุดเท่าที่ผมเคยได้ยินมาเลย ผมรีบเร่งเครื่องไปหาเพื่อนๆ ทันที แต่คราวนี้ ไอ้กลมที่เป็นคนขี่มันหันมามองผมแล้วทำหน้าตกใจสุดขีด! ก่อนจะรีบเร่งเครื่องทิ้งห่างหนีผมไป มันยิ่งทำให้ผมรู้สึกกลัวมากขึ้นกว่าเดิมอีกเป็นสิบเท่าเลยครับ พวกเราเร่งเครื่องกันจนมาถึงทางขาดที่เป็นโรงสีร้างที่ผ่านมาทีแรก บรรยากาศตอนนั้นมันอึมครึม วังเวงน่ากลัวมาก ผมเหลือบหันไปมองโรงสีร้างที่มืดสนิท มีเพียงเงาลางๆ ให้พอรู้โครงร่างของโรงสี แล้วตอนนั้นเอง หลังผมก็เย็นวูบเหมือนถูกน้ำแข็งมาลูบอีกครั้ง จนขนผมนี่ลุกซู่เลยครับ แต่ที่น่าแปลกใจก็คือ รถผมมันเด้งยกขึ้น เหมือนอะไรหนักๆ ที่เคยทับอยู่มันหายไป.. รถที่เหมือนอืดๆ มาตลอดทาง จู่ๆ มันก็เร่งขึ้น ผมทั้งแปลกใจ และกลัวอย่างบอกไม่ถูกเลย..<br />\r\nพวกเราขี่จนมาถึงถนนใหญ่ เริ่มมีแสงไฟสว่าง ผมขี่ไปหาเพื่อนๆ ผมอีกครั้ง มัน 2 คนค่อยๆ หันมามองผม ค่อยๆ มองช้าๆ ..แล้วถอนหายใจ &lsquo;เฮ้อ..&rsquo; ผมถาม &lsquo;ตกลงมึงเป็นเหี้ยอะไรกัน?&rsquo; ไอ้แตงบอก &lsquo;มึงไปบ้านกูก่อน เดี๋ยวกูค่อยเล่าให้ฟัง..&rsquo; ก็ขี่รถกันมาจนถึงบ้านไอ้แตง เราก็มายืนคุยกันตรงหน้าบ้าน ผมก็ถามมันว่า &lsquo;ตกลงมึงเป็นอะไรกัน ทำไมตอนมองกูเมื่อกี้ต้องทำหน้าตกใจด้วยวะ แล้วมึงจะบิดหนีไปหาพ่องเหรอ?&rsquo; ไอ้แตงมันบอกผมว่า &lsquo;ก็กูเห็นผู้ชายอายุราวๆ 60 ผมขาว ใส่เสื้อขาดๆ เปื้อนๆ ไม่รู้ว่าเปื้อนอะไร แต่คล้ายๆ รอยเลือด แม่งนั่งซ้อนท้ายมึงอยู่..&rsquo; ผมได้ฟังนี่ถึงกับเข่าอ่อนเลย เพราะมันชัดเจนมากเหมือนที่ผมรู้สึก ทั้งๆ ที่ผมยังไม่ได้เล่าอะไรให้พวกมันฟังเลย ผมก็เลยถามไอ้กลมบ้างว่า &lsquo;มึงล่ะ เห็นด้วยหรือเปล่า?&rsquo; ไอ้กลมบอกว่า &lsquo;ตอนแรกกูก็ไม่เห็นหรอก มาเห็นอีกมีหลังจากที่ไอ้แตงมันกระซิบบอกกูแล้ว กูนี่แทบช็อค ถึงบิดหนีมึงมาไง!&rsquo; จังหวะนั้นบอกเลยครับว่าทั้งกลัวทั้งอึ้ง ทำอะไรไม่ถูก แต่ในใจก็พยายามคิดว่าพวกมันตอแหลหรือเปล่า เลยบอกไปว่า &lsquo;พวกมึงอำกูอะดิ?&rsquo; แต่ไอ้แตงมันมองหน้าผมพร้อมกับมีน้ำตาคลอ และบอกผมว่า &lsquo;อำเหี้ยไร กูกลัวแทบตาย กูกลัวมันจะทำอะไรมึงด้วย..&rsquo;<br />\r\nแล้วผมก็ถามพวกมันอีกด้วยความสงสัยในบางอย่าง &lsquo;เออ..แล้วที่พวกมึงเห็นกัน เขานั่งเอามือจับไหล่กูอยู่หรือเปล่า?&rsquo; มันสองคนตอบมาพร้อมกันเลยว่า &lsquo;เปล่า&rsquo; ผมก็เลยเล่าให้มันฟังว่าระหว่างทางผมรู้สึกอะไรยังไงบ้าง พอไอ้แตงฟังจบ มันก็พูดสวนขึ้นมาเลยว่า &lsquo;ที่มึงรู้สึกหนักไหล่น่ะ เขาไม่ได้จับไหล่มึงหรอก แต่เขาเอาคางเกยไหล่มึงอยู่ต่างหาก!! มึงถึงได้ยินเสียงเขากัดฟันอยู่ข้างๆ หูมึงไง..&rsquo; โอ้ย ผมนึกภาพตามแล้วโคตรหลอนเลยครับ ถึงผมจะไม่ได้เห็นเองก็เถอะ ผมยืนอึ้งจนพูดอะไรไม่ออกเลย ..จนกระทั่งพ่อไอ้แตงออกมาแล้วบอกผมว่า &lsquo;มีคนเขาฝากมาบอกขอบใจเอ็งน่ะ&rsquo; ผมกับเพื่อนก็งงกันไปใหญ่ ผมเลยถามไปว่า &lsquo;ใครครับพ่อ?&rsquo; แกก็บอกว่า &lsquo;ก็คนที่ซ้อนท้ายเอ็งมาเมื่อกี้ไงล่ะ..&rsquo; แล้วพ่อไอ้แตงก็เล่าอะไรให้พวกเราฟังว่า &lsquo;เมื่อนานมาแล้ว ลุงคนนั้นแกโดนโจรดักปล้น และถูกฆ่าปาดคอชิงสร้อยทองไป ระหว่างทางก่อนที่จะไปทำงานที่โรงสีนั่น.. จากนั้นมา แกก็พยายามจะกลับไปโรงสีนั้น แต่ก็ไปไม่ได้เสียที ไปยืนขวางรถบ้าง ไปโบกรถคนอื่นบ้าง จนทำให้เกิดอุบัติเหตุกันมากมาย จนมาถึงคืนนี้ที่ไปกับเอ็งจนได้นี่ล่ะ..&rsquo; ผมคิดในใจ &lsquo;คือกูโชคดีใช่ไหม? กูควรดีใจใช่ไหม?&rsquo; พ่อไอ้แตงยังบอกผมอีกว่า ช่วงนี้ผมดวงตก แต่ยังดีที่ได้พาลุงคนนั้นไปส่ง ไม่งั้นอาจจะมีเคราะห์แรงกว่านี้ก็เป็นได้..<br />\r\nหลังจากนั้นพ่อไอ้แตงก็สวดมนต์เป่ากระหม่อมให้ผม บอกพรุ่งนี้ให้ผมไปใส่บาตรด้วย ไม่ต้องกลัวอะไร เขาไม่ได้ตามมา.. และนี่คือเรื่องแรกที่ผมอยากเล่าครับ ถึงผมจะเคยเจอผีมาบ้าง แต่ก็ยังไม่เคยรู้สึกกลัวเท่าครั้งนี้ ถึงแม้ว่าผมจะไม่ได้เห็นกับตา แต่เสียงกัดฟันข้างๆ หูผมมันหลอนผมไปพักใหญ่เลยทีเดียว.. แต่สิ่งที่น่าขนลุกยังไม่หมดครับ วันรุ่งขึ้นตอนบ่ายๆ หลังจากผมไปทำบุญเสร็จ ผมจำเป็นต้องไปบ้านไอ้แจ็คอีกครั้ง พอขี่มาถึงตรงทางขาดที่เป็นลูกรังตรงโรงสีร้างนั่น พอผมมองไป ผมกลับไม่เห็นโรงสีร้างนั้นแล้ว!? ผมถามไอ้แจ็คว่า &lsquo;โรงสีร้างนั่นไปไหนแล้ววะ?&rsquo; ไอ้แจ็คมันตอบผมด้วยสีหน้าแปลกใจว่า &lsquo;โรงสีร้างอะไรมึง มันไม่มีมาหลายปีแล้ว..&rsquo; เท่านั้นล่ะ ผมนี่เงิบเลยครับ<br />\r\nStory by คุณแอมป์ ชุติพงษ์', '3f8bc9e9fb944c95bd00dd6ae753ca0b.jpg', 'เล่าเรื่องสยองก่อนนอน 433 : ไปส่งผี', 'เรื่องสยองขวัญ', 'ผี,เรื่องสยอง,เรื่องเล่า', '', 'website', '', '789', 'f96311f557c46bfe918ed2d4d03a083d.jpg'),
(2, 'เทส', 'เทๆๆ', '3d28e70ab616dccea5ea83d006cbcb0d.jpg', 'เทส', 'เทไปเล้ยย', 'โดนเท,นก', '0', '0', '0', '', '');

-- --------------------------------------------------------

--
-- Table structure for table `duangsettee_dst_info`
--

CREATE TABLE `duangsettee_dst_info` (
  `info_id` int(10) NOT NULL,
  `info_name` varchar(255) NOT NULL,
  `info_topic` text NOT NULL,
  `info_content` longtext NOT NULL,
  `info_tel` varchar(255) NOT NULL,
  `info_phone` varchar(255) NOT NULL,
  `info_fax` varchar(255) NOT NULL,
  `info_email` varchar(255) NOT NULL,
  `info_image` varchar(255) NOT NULL
) ENGINE=InnoDB DEFAULT CHARSET=utf8;

--
-- Dumping data for table `duangsettee_dst_info`
--

INSERT INTO `duangsettee_dst_info` (`info_id`, `info_name`, `info_topic`, `info_content`, `info_tel`, `info_phone`, `info_fax`, `info_email`, `info_image`) VALUES
(1, 'เปลี่ยนเบอร์มือถือ เปลี่ยนชีวิต วิต วิต วิต', 'ดร.มัทนาปวีณ์ สาระคุณมนตรี', '<div style=\"text-align: center;\">บริษัทเวิล์ด บิสซิเนส ดีเวลล็อปเม้นท์ แอนด์ เอ็นเตอร์เทนเม้น (ไทยแลนด์) จำกัด</div>\r\n', '0-2423-9999', '095-787-8789, 087-789-8289', '0-2449-9222, 0-2449-9500-6', 'info@sim789.com', 'c960e672d8927afe2a1f6f16fc028cfd.jpg');

-- --------------------------------------------------------

--
-- Table structure for table `duangsettee_dst_main_info`
--

CREATE TABLE `duangsettee_dst_main_info` (
  `id` int(10) NOT NULL,
  `img_logo` varchar(255) NOT NULL,
  `content_under_logo` varchar(255) NOT NULL,
  `url_facebook` varchar(255) NOT NULL,
  `condition_content` varchar(255) NOT NULL,
  `title_tag` varchar(255) NOT NULL,
  `meta_description` varchar(255) NOT NULL,
  `meta_keyword` varchar(255) NOT NULL,
  `og_url` varchar(255) NOT NULL,
  `og_type` varchar(255) NOT NULL,
  `og_title` varchar(255) NOT NULL,
  `og_description` varchar(255) NOT NULL,
  `og_image` varchar(255) NOT NULL
) ENGINE=InnoDB DEFAULT CHARSET=utf8;

--
-- Dumping data for table `duangsettee_dst_main_info`
--

INSERT INTO `duangsettee_dst_main_info` (`id`, `img_logo`, `content_under_logo`, `url_facebook`, `condition_content`, `title_tag`, `meta_description`, `meta_keyword`, `og_url`, `og_type`, `og_title`, `og_description`, `og_image`) VALUES
(1, 'font-math.png', 'เป็นเรื่องราวของการจัดวางตำแหน่งของตัวเลขเป็นหลักและตามตัวผลรวมของตัวเลขซึ่งเป็นส่วนหนึ่งของพลังตัวเลข โปรแกรมการคำนวนหมายเลขมือถือจึงเป็นอีกหนึ่งทางเลือกที่จะนำเอาผลรวมของตัวเลข ที่เป็นมงคลตามหลักโหราศาสตร์ มาช่วยเกื้อกูลให้เกิดผลดีแก่ผู้ใช้', 'https://www.facebook.com/dst999/', 'ทั้งนี้ทั้งนั้นผลดีย่อมมาจากการทำดี พลังตัวเลขเป็นเพียงส่วนหนึ่งเท่านั้น', 'ดวงเศรษฐี', 'ดูดวงเบอร์โทรศัพท์มือถือ', 'ดูดวง,เบอร์,เบอร์โทรศัพท์', 'https://www.facebook.com/dst999/', 'website', 'ดูคำทำนายเบอร์โทรศัพท์มือถือ', 'ผลลัพธ์จากเบอร์โทรศัพท์มีผลต่อชีวิตของท่าน', 'bg.jpg');

-- --------------------------------------------------------

--
-- Table structure for table `duangsettee_dst_match_number`
--

CREATE TABLE `duangsettee_dst_match_number` (
  `mn_id` int(10) NOT NULL,
  `mn_number` varchar(10) NOT NULL,
  `mn_data` text NOT NULL,
  `mn_keyword` varchar(255) NOT NULL,
  `mn_result` varchar(255) NOT NULL
) ENGINE=InnoDB DEFAULT CHARSET=utf8;

--
-- Dumping data for table `duangsettee_dst_match_number`
--

INSERT INTO `duangsettee_dst_match_number` (`mn_id`, `mn_number`, `mn_data`, `mn_keyword`, `mn_result`) VALUES
(1, '00', 'ผู้ใช้เลขนี้เป็นคนมีโลก<strong><span style=\"color:#ff8c00;\">ส่วนตัวสูง เข้าถึงได้ยาก</span></strong><br />\n<strong>อารมณ์แปรปรวน มีความลึกลับซับซ้อน</strong> ยากที่ผู้อื่นจะเข้าใจไม่ชอบเข้าสังคม เป็นคนรักอิสระเสรีภาพ<br />\nชอยอยู่เพียงลำพัง เป็นคนเก็บเนื้อเก็บตัว มีแนวความคิดที่แตกต่างจากผู้อื่น มีความกังวล ช่างลังเลสงสัย ขี้เหงา<br />\nการใช้ชีวิตครุ่นคิดอยู่ลำพังคนเดียว <span style=\"color:#ff8c00;\"><strong>อาจก่อให้เกิดภาวะตึงเครียดสะสม</strong></span> <strong>เป็นคนเก็บความลับได้แนบเนียน รักการเดินทาง ท่องเที่ยว</strong><br />\nควรระวัง<span style=\"color:#ff8c00;\"><strong>โรคร้ายที่รักษาได้ยาก</strong></span> เช่น มะเร็ง เนื้องอก ติดเชื้อภายใน ภูมิแพ้ ปวดศรีษะ ไมเกรน', 'โลกส่วนตัวสูง เก็บกดกับปัญหา', 'มีปัญหาเรื่องอารมณ์'),
(2, '01', 'ผู้ใช้เลขนี้<span style=\"color:#ff8c00;\"><strong>ต้องทำทุกอย่างด้วยตนเองจึงจะประสบความสำเร็จ ไม่สามารถพึ่งพาใครได้</strong></span> ใจร้อน หุนหันพลันแล่น มั่นใจในตัวเองสูง ไม่ชอบให้ใครบังคับหรือสั่งการ<br />\n<strong>ถ้าทำงานเป็นทีมมักจะประสบปัญหาการขัดแย้ง ในกรณีถ้ามีความโดดเด่นมากกว่าผู้อื่น จะมีผลทำให้คนเขม่น</strong> ไม่ชอบหน้า และหาทางกลั่นแกล้ง<br />\n<span style=\"color:#ff8c00;\"><strong>ควรใช้ความนิ่งสยบความเคลื่อนไหว</strong></span><br />\n<strong>มิเช่นนั้นอาจมีคนมุ่งทำลายชื่อเสียง</strong><br />\n<strong>สำหรับสุขภาพควรระวังโรคสายตา</strong> ไมเกรน ระบบหัวใจ ระบบเลือดมีปัญหา นอนไม่หลับ ปวดหลัง', 'ใจร้อน หุนหันพลันแล่น', 'มักเกิดปัญหาขัดแย่งด้านการงาน'),
(3, '10', 'ผู้ใช้เลขนี้<span style=\"color:#ff8c00;\"><strong>ต้องทำทุกอย่างด้วยตนเองจึงจะประสบความสำเร็จ ไม่สามารถพึ่งพาใครได้</strong></span> ใจร้อน หุนหันพลันแล่น มั่นใจในตัวเองสูง ไม่ชอบให้ใครบังคับหรือสั่งการ<br />\r\n<strong>ถ้าทำงานเป็นทีมมักจะประสบปัญหาการขัดแย้ง ในกรณีถ้ามีความโดดเด่นมากกว่าผู้อื่น จะมีผลทำให้คนเขม่น</strong> ไม่ชอบหน้า และหาทางกลั่นแกล้ง<br />\r\n<span style=\"color:#ff8c00;\"><strong>ควรใช้ความนิ่งสยบความเคลื่อนไหว</strong></span><br />\r\n<strong>มิเช่นนั้นอาจมีคนมุ่งทำลายชื่อเสียง</strong><br />\r\n<strong>สำหรับสุขภาพควรระวังโรคสายตา</strong> ไมเกรน ระบบหัวใจ ระบบเลือดมีปัญหา นอนไม่หลับ ปวดหลัง', 'ใจร้อน หุนหันพลันแล่น', 'มักเกิดปัญหาขัดแย่งด้านการงาน'),
(4, '02', 'ผู้ใช้เลขนี้<span style=\"color:#ff8c00;\"><strong>เป็นคนมีปัญหาเรื่องความรักไม่สมหวัง</strong></span> <strong>ทุกครั้งที่มีความรักมักเข้าไปเกี่ยวกับการเป็นบุคคลที่สาม</strong><br />\nเพราะเป็นคนอ่อนไหวง่าย ขี้เหงา มีผลทำให้ขาดสติในการพิจารณาเวลาที่มีคนเข้ามาเกี่ยวพันต้องดูให้ดีว่าเขามีคู่แล้วหรือไม่<br />\n<strong>มักเข้าไปเกี่ยวข้องกับการเป็นชู้ เป็นกิ๊ก มีปัญหารักสามเส้า</strong>ไม่ว่าจะด้วยเจตนาหรือไม่ก็ตาม ทำให้ถูกมองด้านลบในเชิงชู้สาว<br />\n<span style=\"color:#ff8c00;\"><strong>ข้อดีของผู้ใช้เลขคู่นี้คือ เป็นคนมีเสน่ห์ มีความคิดสร้างสรรค์</strong></span> มีจินตนาการไร้ขีดจำกัด และยังเก่งในเรื่องให้คำปรึกษาแบบเห็นอกเห็นใจต่อผู้อื่นได้เป็นอย่างดี แต่ขอเตือนว่าสุดท้ายตนเองจะเป็นทุกข์<br />\n<span style=\"color:#ff8c00;\"><strong>ในกรณีถ้ามีเงินสดแนะนำให้เปลี่ยนเป็นทรัพย์สิน ไม่ควรให้ใครขอยืมเพราะมีโอกาสไม่ได้คืนสูง</strong></span><br />\n<strong>ควรหมั่นตรวจสุขภาพและระวังเรื่องโรคภูมิแพ้</strong> มดลูกมีปัญหาและระบบช่องท้อง', 'รักไม่ค่อยสมหวัง มักเกี่ยวข้องกับมือที่สาม', 'เป็นคนมีเสน่ห์'),
(5, '20', 'ผู้ใช้เลขนี้<span style=\"color:#ff8c00;\"><strong>เป็นคนมีปัญหาเรื่องความรักไม่สมหวัง</strong></span> <strong>ทุกครั้งที่มีความรักมักเข้าไปเกี่ยวกับการเป็นบุคคลที่สาม</strong><br />\r\nเพราะเป็นคนอ่อนไหวง่าย ขี้เหงา มีผลทำให้ขาดสติในการพิจารณาเวลาที่มีคนเข้ามาเกี่ยวพันต้องดูให้ดีว่าเขามีคู่แล้วหรือไม่<br />\r\n<strong>มักเข้าไปเกี่ยวข้องกับการเป็นชู้ เป็นกิ๊ก มีปัญหารักสามเส้า</strong>ไม่ว่าจะด้วยเจตนาหรือไม่ก็ตาม ทำให้ถูกมองด้านลบในเชิงชู้สาว<br />\r\n<span style=\"color:#ff8c00;\"><strong>ข้อดีของผู้ใช้เลขคู่นี้คือ เป็นคนมีเสน่ห์ มีความคิดสร้างสรรค์</strong></span> มีจินตนาการไร้ขีดจำกัด และยังเก่งในเรื่องให้คำปรึกษาแบบเห็นอกเห็นใจต่อผู้อื่นได้เป็นอย่างดี แต่ขอเตือนว่าสุดท้ายตนเองจะเป็นทุกข์<br />\r\n<span style=\"color:#ff8c00;\"><strong>ในกรณีถ้ามีเงินสดแนะนำให้เปลี่ยนเป็นทรัพย์สิน ไม่ควรให้ใครขอยืมเพราะมีโอกาสไม่ได้คืนสูง</strong></span><br />\r\n<strong>ควรหมั่นตรวจสุขภาพและระวังเรื่องโรคภูมิแพ้</strong> มดลูกมีปัญหาและระบบช่องท้อง', 'เป็นคนมีความคิดสร้างสรรค์', 'มีปัญหารักสามเส้า'),
(6, '03', 'ผู้ใช้เลขนี้มี<span style=\"color:#ff8c00;\"><strong>พรสวรรค์ด้านการจับโกหกได้ยอดเยี่ยม</strong></span> เก่งในเรื่องการหาจุดผิดพลาดหรือข้อเสีย ข้อบกพร่องได้เป็นอย่างดี<br />\r\nรักพวกพ้อง เป็นคนโมโหง่าย ใจร้อน พูดจาเสียงดัง กล้าเผชิญหน้า ชอบการแข่งขัน<br />\r\n<span style=\"color:#ff8c00;\"><strong>มีผลให้เกิดปัญหาการทะเลาะเบาะแว้งกับคนรอบตัวทำให้ไม่เป็นที่รัก</strong></span>และมักจะสร้างความกดดันให้กับชีวิตของตนเอง มากจนเกินพอดี เป็นสาเหตุให้เป็นคนเครียดง่าย<br />\r\n<span style=\"color:#ff8c00;\"><strong>ข้อดีของเลขคู่นี้ เป็นคนทำอะไรรวดเร็ว</strong></span> มีความคล่องตัวสูง เฉลียวฉลาด <span style=\"color:#ff8c00;\"><strong>มีสัญชาตญาณในการแก้ปัญหาชนิดรู้หลบเป็นปีกรู้หลีกเป็นหาง</strong></span><br />\r\nกล้าลุยแบบถึงไหนถึงกัน ควรระวังเรื่องอุบัติเหตุ<br />\r\n<strong>โรคที่ควรระวัง</strong> คือ ไมเกรน สายตามีปัญหา และการผิดปกติทางอารมณ์ โรคเกี่ยวข้องกับโพรงจมูก กล้ามเนื้อ เส้นเอ็น', 'โกรธง่ายหายเร็ว เคร่งเครียดกับชีวิต', 'โมโหง่าย ใจร้อน ชอบการแข่งขัน'),
(7, '30', 'ผู้ใช้เลขนี้มี<span style=\"color:#ff8c00;\"><strong>พรสวรรค์ด้านการจับโกหกได้ยอดเยี่ยม</strong></span> เก่งในเรื่องการหาจุดผิดพลาดหรือข้อเสีย ข้อบกพร่องได้เป็นอย่างดี<br />\r\nรักพวกพ้อง เป็นคนโมโหง่าย ใจร้อน พูดจาเสียงดัง กล้าเผชิญหน้า ชอบการแข่งขัน<br />\r\n<span style=\"color:#ff8c00;\"><strong>มีผลให้เกิดปัญหาการทะเลาะเบาะแว้งกับคนรอบตัวทำให้ไม่เป็นที่รัก</strong></span>และมักจะสร้างความกดดันให้กับชีวิตของตนเอง มากจนเกินพอดี เป็นสาเหตุให้เป็นคนเครียดง่าย<br />\r\n<span style=\"color:#ff8c00;\"><strong>ข้อดีของเลขคู่นี้ เป็นคนทำอะไรรวดเร็ว</strong></span> มีความคล่องตัวสูง เฉลียวฉลาด <span style=\"color:#ff8c00;\"><strong>มีสัญชาตญาณในการแก้ปัญหาชนิดรู้หลบเป็นปีกรู้หลีกเป็นหาง</strong></span><br />\r\nกล้าลุยแบบถึงไหนถึงกัน ควรระวังเรื่องอุบัติเหตุ<br />\r\n<strong>โรคที่ควรระวัง</strong> คือ ไมเกรน สายตามีปัญหา และการผิดปกติทางอารมณ์ โรคเกี่ยวข้องกับโพรงจมูก กล้ามเนื้อ เส้นเอ็น', 'จับโกหกเก่ง', 'เกิดปัญหาทะเลาะเบาะแว้ง ไม่เป็นที่รัก'),
(8, '04', 'ผู้ใช้เลขนี้<strong>มีความสามารถพิเศษเฉพาะตัวด้านการค้นคว้าหาข้อมูล</strong><br />\r\n<span style=\"color:#ff8c00;\"><strong>เป็นคนมีเล่ห์เหลี่ยมแพรวพราว</strong></span><br />\r\nเข้ากับคนรอบตัวได้ง่าย <strong>บ่อยครั้งที่ไปล่วงรู้ความลับของผู้อื่น หรือมักมีผู้อื่นมาเล่าความลับให้ฟัง</strong> มีโอกาสได้ทำงานเกี่ยวกับข้อมูลเชิงลับหรือเกี่ยวข้องกับข่าวสาร <strong>ควรระวังสงบปากสงบคำเพื่อไม่ให้เกิดปัญหาข้อมูลรั่วไหล</strong><br />\r\n<span style=\"color:#ff8c00;\"><strong>ข้อดีของเลขคู่นี้คือ มีไอเดียในการสร้างสรรค์สิ่งแปลกใหม่</strong></span> บางรายชอบนินทาว่าร้าย <strong>แต่ถ้าเป็นความลับของตัวเองสามารถเก็บแบบสนิทมิดชิดยากที่ใครจะล่วงรู้</strong><br />\r\nให้ระวังสุขภาพโรคเกี่ยวกับช่องปาก ช่องท้อง ลำไส้ กระเพาะ อาหาร และคอ', 'เป็นคนมีเล่ห์เหลี่ยมแพรวพราว', 'มีความคิดสร้างสรรค์'),
(9, '40', 'ผู้ใช้เลขนี้<strong>มีความสามารถพิเศษเฉพาะตัวด้านการค้นคว้าหาข้อมูล</strong><br />\r\n<span style=\"color:#ff8c00;\"><strong>เป็นคนมีเล่ห์เหลี่ยมแพรวพราว</strong></span><br />\r\nเข้ากับคนรอบตัวได้ง่าย <strong>บ่อยครั้งที่ไปล่วงรู้ความลับของผู้อื่น หรือมักมีผู้อื่นมาเล่าความลับให้ฟัง</strong> มีโอกาสได้ทำงานเกี่ยวกับข้อมูลเชิงลับหรือเกี่ยวข้องกับข่าวสาร <strong>ควรระวังสงบปากสงบคำเพื่อไม่ให้เกิดปัญหาข้อมูลรั่วไหล</strong><br />\r\n<span style=\"color:#ff8c00;\"><strong>ข้อดีของเลขคู่นี้คือ มีไอเดียในการสร้างสรรค์สิ่งแปลกใหม่</strong></span> บางรายชอบนินทาว่าร้าย <strong>แต่ถ้าเป็นความลับของตัวเองสามารถเก็บแบบสนิทมิดชิดยากที่ใครจะล่วงรู้</strong><br />\r\nให้ระวังสุขภาพโรคเกี่ยวกับช่องปาก ช่องท้อง ลำไส้ กระเพาะ อาหาร และคอ', 'เก่งการค้นคว้าข้อมูล', 'ระวังปัญหาเกี่ยวกับปาก'),
(10, '05', 'จงทำดีๆ', 'ทำดีๆ', 'เย้'),
(11, '50', 'หมั่นทำบุญ', 'ชอบใส่บาตร', 'ถวายเพล'),
(12, '102', 'ตัวเลขนี้เป็นเลขที่ทำคุณคนไม่ขึ้น มักถูกโกง ถูกหักหลัง โดนเบียดเบียน', 'ขาดสติ ไม่ยั้งคิด', 'ประมาท ทะเยอทะยาน');

-- --------------------------------------------------------

--
-- Table structure for table `duangsettee_dst_news`
--

CREATE TABLE `duangsettee_dst_news` (
  `news_id` int(10) NOT NULL,
  `news_topic` text NOT NULL,
  `news_content` longtext NOT NULL,
  `news_image` varchar(255) NOT NULL,
  `title_tag` varchar(255) NOT NULL,
  `meta_description` varchar(255) NOT NULL,
  `meta_keyword` varchar(255) NOT NULL,
  `og_url` varchar(255) NOT NULL,
  `og_type` varchar(255) NOT NULL,
  `og_title` varchar(255) NOT NULL,
  `og_description` varchar(255) NOT NULL,
  `og_image` varchar(255) NOT NULL
) ENGINE=InnoDB DEFAULT CHARSET=utf8;

--
-- Dumping data for table `duangsettee_dst_news`
--

INSERT INTO `duangsettee_dst_news` (`news_id`, `news_topic`, `news_content`, `news_image`, `title_tag`, `meta_description`, `meta_keyword`, `og_url`, `og_type`, `og_title`, `og_description`, `og_image`) VALUES
(2, 'ปลูกป่าชายเลน', '<p><strong>[ เนื้องานกิจกรรม &ndash; ข้อแนะนำก่อนสมัคร ]</strong></p>\r\n\r\n<p>๑. ฟังบรรยายเกี่ยวกับพื้นที่การอนุรักษ์ป่าชายเลน<br />\r\n๒. ลุยป่าชายเลน ปลูกต้นโกงกาง<br />\r\n๓. ชมพระอาทิตย์ตกดินที่ ดอนหอยหลอด<br />\r\n๔. กิจกรรมกลุ่ม แบบมีส่วนร่วม แลกเปลี่ยน รับฟัง<br />\r\n๕. ให้ความร่วมมือ และ ไม่เรื่องมาก<br />\r\n๖. งดสุรา สิ่งมึนเมา อบายมุข ทุกประเภท ตลอดงาน<br />\r\n(ฝ่าฝืนให้ออกจากค่ายและเดินทางกลับเอง)</p>\r\n\r\n<p><span style=\"color:#ff0000;\"><strong>ค่าใช้จ่าย</strong>&nbsp;สมทบกิจกรรมท่านละ ๓๙๐ บาท</span><br />\r\n(เพื่อความพร้อมเพียงเป็นหมู่คณะรับเฉพาะผู้ที่มาพร้อมรถบัสเท่านั้น)</p>\r\n\r\n<p><strong>[ ชี้แจง ค่าใช้จ่าย ที่เรียกเก็บ จากอาสาสมัคร ]</strong></p>\r\n\r\n<p>๑.ค่า เช่าเหมารถบัสพัดลม<br />\r\n๒.ค่า อาหารมื้อกลางวัน น้ำดื่ม<br />\r\n๓.สมทบทุน ธนาคารต้นไม้ของศูนย์ฯ รร.ธรรมชาติป่าชายเลน และต้นกล้าโกงกาง<br />\r\n๔.ค่าใช้จ่ายในการดำเนินกิจกรรม</p>\r\n', '9fbb79d641bf8a605e42e109cac49cfc.jpg', 'ชวนปลูกป่าชายเลน', 'ปลูกป่าชายเลนกับบริษัท', 'ป่าชายเลน,ปลูกป่า', '', '', 'ปลูกป่าชายเลนกับฉัน', '', ''),
(3, 'หล่อเทียนพรรษา', 'วันเข้าพรรษาจันทร์หน้า', 'b2b8b69c9729ed4922fc47928fe523e7.jpg', 'ชวนหล่อเทียนพรรษา', 'วันเข้าพรรษา', 'เข้าพรรษา,หล่อเทียน,เทียนพรรษา', '', '', '', '', ''),
(8, 'หิวข้าววว', '<a href=\"https://www.youtube.com/watch?v=7bcREF0CBQ4\">https://www.youtube.com/watch?v=7bcREF0CBQ4</a><br />\r\ntttt', '2c619eabf5f8f41fae78083b03176fde.jpg', 't', 'd', 'k', 'u', 'website', 'tt', 'des', '');

-- --------------------------------------------------------

--
-- Table structure for table `duangsettee_dst_sacred`
--

CREATE TABLE `duangsettee_dst_sacred` (
  `sacred_id` int(10) NOT NULL,
  `sacred_topic` text NOT NULL,
  `sacred_content` longtext NOT NULL,
  `sacred_image` varchar(255) NOT NULL,
  `title_tag` varchar(255) NOT NULL,
  `meta_description` varchar(255) NOT NULL,
  `meta_keyword` varchar(255) NOT NULL,
  `og_url` varchar(255) NOT NULL,
  `og_type` varchar(255) NOT NULL,
  `og_title` varchar(255) NOT NULL,
  `og_description` varchar(255) NOT NULL,
  `og_image` varchar(255) NOT NULL
) ENGINE=InnoDB DEFAULT CHARSET=utf8;

--
-- Dumping data for table `duangsettee_dst_sacred`
--

INSERT INTO `duangsettee_dst_sacred` (`sacred_id`, `sacred_topic`, `sacred_content`, `sacred_image`, `title_tag`, `meta_description`, `meta_keyword`, `og_url`, `og_type`, `og_title`, `og_description`, `og_image`) VALUES
(1, 'แมวกวักๆ', 'เรียกโชคลาภ&nbsp;<strong><span style=\"color:#ff0000;\">นะจ๊ะ</span></strong>', '8ed3d1e9a8f341ff7c141f19a15bdbaf.jpg', 'แมวกวักนำโชค', 'มีแมวกวักไว้เรียกโชคลาภ', 'แมวกวัก,โชคลาภ', 'aaa', 'website', 'aaaa', 'aaaaa', 'c424922ff5af7ef46f1c53a2f6193ae9.jpg');

-- --------------------------------------------------------

--
-- Table structure for table `duangsettee_dst_user`
--

CREATE TABLE `duangsettee_dst_user` (
  `user_id` int(10) NOT NULL,
  `user_name` varchar(255) NOT NULL,
  `user_tel` varchar(255) NOT NULL,
  `user_date` timestamp NOT NULL DEFAULT CURRENT_TIMESTAMP ON UPDATE CURRENT_TIMESTAMP
) ENGINE=InnoDB DEFAULT CHARSET=utf8;

--
-- Dumping data for table `duangsettee_dst_user`
--

INSERT INTO `duangsettee_dst_user` (`user_id`, `user_name`, `user_tel`, `user_date`) VALUES
(1, 'กิตติคุณ ฐิติเพชรกุล', '0909106822', '2017-07-06 05:06:00'),
(2, 'Kittikun Thitipetkul', '0901020304', '2017-07-14 02:57:04'),
(3, 'Kittikun Thitipetkul', '0901020304', '2017-07-14 03:05:16'),
(4, 'Kittikun Thitipetkul', '0901020304', '2017-07-14 03:05:31'),
(5, 'Kittikun Thitipetkul', '0901020304', '2017-07-14 03:06:00'),
(6, 'Kittikun Thitipetkul', '0901020304', '2017-07-14 03:06:14'),
(7, 'Kittikun Thitipetkul', '0901020304', '2017-07-14 03:06:27'),
(8, 'Kittikun Thitipetkul', '0901020304', '2017-07-14 03:06:45'),
(9, 'Kittikun Thitipetkul', '0901020304', '2017-07-14 03:06:52'),
(10, 'Kittikun Thitipetkul', '0901020304', '2017-07-14 03:07:20'),
(11, 'Kittikun Thitipetkul', '0901020304', '2017-07-14 03:07:31'),
(12, 'Kittikun Thitipetkul', '0901020304', '2017-07-14 03:07:40'),
(13, 'Kittikun Thitipetkul', '0901020304', '2017-07-14 03:07:41'),
(14, 'Kittikun Thitipetkul', '0901020304', '2017-07-14 03:07:43'),
(15, 'Kittikun Thitipetkul', '0901020304', '2017-07-14 03:08:49'),
(16, 'Kittikun Thitipetkul', '0901020304', '2017-07-14 03:08:51'),
(17, 'Kittikun Thitipetkul', '0901020304', '2017-07-14 03:09:26'),
(18, 'Kittikun Thitipetkul', '0901020304', '2017-07-14 03:09:30'),
(19, 'Kittikun Thitipetkul', '0901020304', '2017-07-14 03:10:24'),
(20, 'Kittikun Thitipetkul', '0901020304', '2017-07-14 03:10:25'),
(21, 'Kittikun Thitipetkul', '0901020304', '2017-07-14 03:10:32'),
(22, 'Kittikun Thitipetkul', '0901020304', '2017-07-14 03:10:37'),
(23, 'Kittikun Thitipetkul', '0901020304', '2017-07-14 03:10:43'),
(24, 'Kittikun Thitipetkul', '0901020304', '2017-07-14 03:10:46'),
(25, 'Kittikun Thitipetkul', '0901020304', '2017-07-14 03:10:57'),
(26, 'Kittikun Thitipetkul', '0901020304', '2017-07-14 03:29:20'),
(27, 'Kittikun Thitipetkul', '0901020304', '2017-07-14 03:47:32'),
(28, 'Kittikun Thitipetkul', '0901020304', '2017-07-14 03:49:41'),
(29, 'Kittikun Thitipetkul', '0901020304', '2017-07-14 03:49:51'),
(30, 'Kittikun Thitipetkul', '0901020304', '2017-07-14 05:53:24'),
(31, 'Kittikun Thitipetkul', '0901020304', '2017-07-14 05:53:48'),
(32, 'Kittikun Thitipetkul', '0901020304', '2017-07-14 05:54:08'),
(33, 'Kittikun Thitipetkul', '0901020304', '2017-07-14 05:55:22'),
(34, 'Kittikun Thitipetkul', '0901020304', '2017-07-14 05:55:36'),
(35, 'Kittikun Thitipetkul', '0901020304', '2017-07-14 05:55:50'),
(36, 'Kittikun Thitipetkul', '0901020304', '2017-07-14 05:55:57'),
(37, 'Kittikun Thitipetkul', '0901020304', '2017-07-14 05:56:52'),
(38, 'Kittikun Thitipetkul', '0901020304', '2017-07-14 05:57:01'),
(39, 'Kittikun Thitipetkul', '0901020304', '2017-07-14 05:58:08'),
(40, 'Kittikun Thitipetkul', '0901020304', '2017-07-14 05:58:11'),
(41, 'Kittikun 0000', '0901020304', '2017-07-14 09:18:38');

-- --------------------------------------------------------

--
-- Table structure for table `groups`
--

CREATE TABLE `groups` (
  `id` mediumint(8) UNSIGNED NOT NULL,
  `name` varchar(20) NOT NULL,
  `description` varchar(100) NOT NULL
) ENGINE=InnoDB DEFAULT CHARSET=utf8;

--
-- Dumping data for table `groups`
--

INSERT INTO `groups` (`id`, `name`, `description`) VALUES
(1, 'members', 'General User');

-- --------------------------------------------------------

--
-- Table structure for table `login_attempts`
--

CREATE TABLE `login_attempts` (
  `id` int(11) UNSIGNED NOT NULL,
  `ip_address` varchar(15) NOT NULL,
  `login` varchar(100) NOT NULL,
  `time` int(11) UNSIGNED DEFAULT NULL
) ENGINE=InnoDB DEFAULT CHARSET=utf8;

-- --------------------------------------------------------

--
-- Table structure for table `users`
--

CREATE TABLE `users` (
  `id` int(11) UNSIGNED NOT NULL,
  `ip_address` varchar(15) NOT NULL,
  `username` varchar(100) DEFAULT NULL,
  `password` varchar(255) NOT NULL,
  `salt` varchar(255) DEFAULT NULL,
  `email` varchar(100) NOT NULL,
  `activation_code` varchar(40) DEFAULT NULL,
  `forgotten_password_code` varchar(40) DEFAULT NULL,
  `forgotten_password_time` int(11) UNSIGNED DEFAULT NULL,
  `remember_code` varchar(40) DEFAULT NULL,
  `created_on` int(11) UNSIGNED NOT NULL,
  `last_login` int(11) UNSIGNED DEFAULT NULL,
  `active` tinyint(1) UNSIGNED DEFAULT NULL,
  `first_name` varchar(50) DEFAULT NULL,
  `last_name` varchar(50) DEFAULT NULL,
  `company` varchar(100) DEFAULT NULL,
  `phone` varchar(20) DEFAULT NULL
) ENGINE=InnoDB DEFAULT CHARSET=utf8;

--
-- Dumping data for table `users`
--

INSERT INTO `users` (`id`, `ip_address`, `username`, `password`, `salt`, `email`, `activation_code`, `forgotten_password_code`, `forgotten_password_time`, `remember_code`, `created_on`, `last_login`, `active`, `first_name`, `last_name`, `company`, `phone`) VALUES
(1, '127.0.0.1', 'member', '$2y$08$kkqUE2hrqAJtg.pPnAhvL.1iE7LIujK5LZ61arONLpaBBWh/ek61G', NULL, 'member@member.com', NULL, NULL, NULL, NULL, 1451903855, 1451905011, 1, 'Member', 'One', NULL, NULL);

-- --------------------------------------------------------

--
-- Table structure for table `users_groups`
--

CREATE TABLE `users_groups` (
  `id` int(11) UNSIGNED NOT NULL,
  `user_id` int(11) UNSIGNED NOT NULL,
  `group_id` mediumint(8) UNSIGNED NOT NULL
) ENGINE=InnoDB DEFAULT CHARSET=utf8;

--
-- Dumping data for table `users_groups`
--

INSERT INTO `users_groups` (`id`, `user_id`, `group_id`) VALUES
(1, 1, 1);

--
-- Indexes for dumped tables
--

--
-- Indexes for table `ach_bank`
--
ALTER TABLE `ach_bank`
  ADD PRIMARY KEY (`id`);

--
-- Indexes for table `ach_contact`
--
ALTER TABLE `ach_contact`
  ADD PRIMARY KEY (`id`);

--
-- Indexes for table `ach_course`
--
ALTER TABLE `ach_course`
  ADD PRIMARY KEY (`id`);

--
-- Indexes for table `ach_enrollments`
--
ALTER TABLE `ach_enrollments`
  ADD PRIMARY KEY (`id`),
  ADD KEY `course_id` (`course_id`);

--
-- Indexes for table `ach_faq`
--
ALTER TABLE `ach_faq`
  ADD PRIMARY KEY (`id`);

--
-- Indexes for table `ach_gallery_album`
--
ALTER TABLE `ach_gallery_album`
  ADD PRIMARY KEY (`id`);

--
-- Indexes for table `ach_gallery_img`
--
ALTER TABLE `ach_gallery_img`
  ADD PRIMARY KEY (`id`),
  ADD KEY `album_id` (`album_id`);

--
-- Indexes for table `ach_information`
--
ALTER TABLE `ach_information`
  ADD PRIMARY KEY (`id`);

--
-- Indexes for table `ach_inquiry_suggestions`
--
ALTER TABLE `ach_inquiry_suggestions`
  ADD PRIMARY KEY (`id`);

--
-- Indexes for table `ach_knowledge`
--
ALTER TABLE `ach_knowledge`
  ADD PRIMARY KEY (`id`);

--
-- Indexes for table `ach_main_info`
--
ALTER TABLE `ach_main_info`
  ADD PRIMARY KEY (`id`);

--
-- Indexes for table `ach_picture_slide`
--
ALTER TABLE `ach_picture_slide`
  ADD PRIMARY KEY (`id`);

--
-- Indexes for table `ach_testimonial`
--
ALTER TABLE `ach_testimonial`
  ADD PRIMARY KEY (`id`);

--
-- Indexes for table `admin_groups`
--
ALTER TABLE `admin_groups`
  ADD PRIMARY KEY (`id`);

--
-- Indexes for table `admin_login_attempts`
--
ALTER TABLE `admin_login_attempts`
  ADD PRIMARY KEY (`id`);

--
-- Indexes for table `admin_users`
--
ALTER TABLE `admin_users`
  ADD PRIMARY KEY (`id`);

--
-- Indexes for table `admin_users_groups`
--
ALTER TABLE `admin_users_groups`
  ADD PRIMARY KEY (`id`);

--
-- Indexes for table `ci_sessions`
--
ALTER TABLE `ci_sessions`
  ADD KEY `ci_sessions_timestamp` (`timestamp`);

--
-- Indexes for table `duangsettee_dst_activity`
--
ALTER TABLE `duangsettee_dst_activity`
  ADD PRIMARY KEY (`ac_id`);

--
-- Indexes for table `duangsettee_dst_base_number`
--
ALTER TABLE `duangsettee_dst_base_number`
  ADD PRIMARY KEY (`base_id`);

--
-- Indexes for table `duangsettee_dst_contact`
--
ALTER TABLE `duangsettee_dst_contact`
  ADD PRIMARY KEY (`contact_id`);

--
-- Indexes for table `duangsettee_dst_exp`
--
ALTER TABLE `duangsettee_dst_exp`
  ADD PRIMARY KEY (`exp_id`);

--
-- Indexes for table `duangsettee_dst_info`
--
ALTER TABLE `duangsettee_dst_info`
  ADD PRIMARY KEY (`info_id`);

--
-- Indexes for table `duangsettee_dst_main_info`
--
ALTER TABLE `duangsettee_dst_main_info`
  ADD PRIMARY KEY (`id`);

--
-- Indexes for table `duangsettee_dst_match_number`
--
ALTER TABLE `duangsettee_dst_match_number`
  ADD PRIMARY KEY (`mn_id`);

--
-- Indexes for table `duangsettee_dst_news`
--
ALTER TABLE `duangsettee_dst_news`
  ADD PRIMARY KEY (`news_id`);

--
-- Indexes for table `duangsettee_dst_sacred`
--
ALTER TABLE `duangsettee_dst_sacred`
  ADD PRIMARY KEY (`sacred_id`);

--
-- Indexes for table `duangsettee_dst_user`
--
ALTER TABLE `duangsettee_dst_user`
  ADD PRIMARY KEY (`user_id`);

--
-- Indexes for table `groups`
--
ALTER TABLE `groups`
  ADD PRIMARY KEY (`id`);

--
-- Indexes for table `login_attempts`
--
ALTER TABLE `login_attempts`
  ADD PRIMARY KEY (`id`);

--
-- Indexes for table `users`
--
ALTER TABLE `users`
  ADD PRIMARY KEY (`id`);

--
-- Indexes for table `users_groups`
--
ALTER TABLE `users_groups`
  ADD PRIMARY KEY (`id`);

--
-- AUTO_INCREMENT for dumped tables
--

--
-- AUTO_INCREMENT for table `ach_bank`
--
ALTER TABLE `ach_bank`
  MODIFY `id` int(11) NOT NULL AUTO_INCREMENT, AUTO_INCREMENT=3;
--
-- AUTO_INCREMENT for table `ach_contact`
--
ALTER TABLE `ach_contact`
  MODIFY `id` int(11) NOT NULL AUTO_INCREMENT, AUTO_INCREMENT=2;
--
-- AUTO_INCREMENT for table `ach_course`
--
ALTER TABLE `ach_course`
  MODIFY `id` int(11) NOT NULL AUTO_INCREMENT, AUTO_INCREMENT=51;
--
-- AUTO_INCREMENT for table `ach_enrollments`
--
ALTER TABLE `ach_enrollments`
  MODIFY `id` int(11) NOT NULL AUTO_INCREMENT;
--
-- AUTO_INCREMENT for table `ach_faq`
--
ALTER TABLE `ach_faq`
  MODIFY `id` int(11) NOT NULL AUTO_INCREMENT, AUTO_INCREMENT=15;
--
-- AUTO_INCREMENT for table `ach_gallery_album`
--
ALTER TABLE `ach_gallery_album`
  MODIFY `id` int(11) NOT NULL AUTO_INCREMENT, AUTO_INCREMENT=48;
--
-- AUTO_INCREMENT for table `ach_gallery_img`
--
ALTER TABLE `ach_gallery_img`
  MODIFY `id` int(11) NOT NULL AUTO_INCREMENT, AUTO_INCREMENT=27;
--
-- AUTO_INCREMENT for table `ach_information`
--
ALTER TABLE `ach_information`
  MODIFY `id` int(11) NOT NULL AUTO_INCREMENT, AUTO_INCREMENT=2;
--
-- AUTO_INCREMENT for table `ach_inquiry_suggestions`
--
ALTER TABLE `ach_inquiry_suggestions`
  MODIFY `id` int(11) NOT NULL AUTO_INCREMENT, AUTO_INCREMENT=24;
--
-- AUTO_INCREMENT for table `ach_knowledge`
--
ALTER TABLE `ach_knowledge`
  MODIFY `id` int(11) NOT NULL AUTO_INCREMENT, AUTO_INCREMENT=19;
--
-- AUTO_INCREMENT for table `ach_main_info`
--
ALTER TABLE `ach_main_info`
  MODIFY `id` int(11) NOT NULL AUTO_INCREMENT, AUTO_INCREMENT=2;
--
-- AUTO_INCREMENT for table `ach_picture_slide`
--
ALTER TABLE `ach_picture_slide`
  MODIFY `id` int(11) NOT NULL AUTO_INCREMENT, AUTO_INCREMENT=16;
--
-- AUTO_INCREMENT for table `ach_testimonial`
--
ALTER TABLE `ach_testimonial`
  MODIFY `id` int(11) NOT NULL AUTO_INCREMENT, AUTO_INCREMENT=10;
--
-- AUTO_INCREMENT for table `admin_groups`
--
ALTER TABLE `admin_groups`
  MODIFY `id` mediumint(8) UNSIGNED NOT NULL AUTO_INCREMENT, AUTO_INCREMENT=5;
--
-- AUTO_INCREMENT for table `admin_login_attempts`
--
ALTER TABLE `admin_login_attempts`
  MODIFY `id` int(11) UNSIGNED NOT NULL AUTO_INCREMENT;
--
-- AUTO_INCREMENT for table `admin_users`
--
ALTER TABLE `admin_users`
  MODIFY `id` int(11) UNSIGNED NOT NULL AUTO_INCREMENT, AUTO_INCREMENT=8;
--
-- AUTO_INCREMENT for table `admin_users_groups`
--
ALTER TABLE `admin_users_groups`
  MODIFY `id` int(11) UNSIGNED NOT NULL AUTO_INCREMENT, AUTO_INCREMENT=8;
--
-- AUTO_INCREMENT for table `duangsettee_dst_activity`
--
ALTER TABLE `duangsettee_dst_activity`
  MODIFY `ac_id` int(10) NOT NULL AUTO_INCREMENT, AUTO_INCREMENT=12;
--
-- AUTO_INCREMENT for table `duangsettee_dst_base_number`
--
ALTER TABLE `duangsettee_dst_base_number`
  MODIFY `base_id` int(10) NOT NULL AUTO_INCREMENT, AUTO_INCREMENT=8;
--
-- AUTO_INCREMENT for table `duangsettee_dst_contact`
--
ALTER TABLE `duangsettee_dst_contact`
  MODIFY `contact_id` int(10) NOT NULL AUTO_INCREMENT, AUTO_INCREMENT=6;
--
-- AUTO_INCREMENT for table `duangsettee_dst_exp`
--
ALTER TABLE `duangsettee_dst_exp`
  MODIFY `exp_id` int(10) NOT NULL AUTO_INCREMENT, AUTO_INCREMENT=3;
--
-- AUTO_INCREMENT for table `duangsettee_dst_info`
--
ALTER TABLE `duangsettee_dst_info`
  MODIFY `info_id` int(10) NOT NULL AUTO_INCREMENT, AUTO_INCREMENT=2;
--
-- AUTO_INCREMENT for table `duangsettee_dst_main_info`
--
ALTER TABLE `duangsettee_dst_main_info`
  MODIFY `id` int(10) NOT NULL AUTO_INCREMENT, AUTO_INCREMENT=2;
--
-- AUTO_INCREMENT for table `duangsettee_dst_match_number`
--
ALTER TABLE `duangsettee_dst_match_number`
  MODIFY `mn_id` int(10) NOT NULL AUTO_INCREMENT, AUTO_INCREMENT=13;
--
-- AUTO_INCREMENT for table `duangsettee_dst_news`
--
ALTER TABLE `duangsettee_dst_news`
  MODIFY `news_id` int(10) NOT NULL AUTO_INCREMENT, AUTO_INCREMENT=9;
--
-- AUTO_INCREMENT for table `duangsettee_dst_sacred`
--
ALTER TABLE `duangsettee_dst_sacred`
  MODIFY `sacred_id` int(10) NOT NULL AUTO_INCREMENT, AUTO_INCREMENT=2;
--
-- AUTO_INCREMENT for table `duangsettee_dst_user`
--
ALTER TABLE `duangsettee_dst_user`
  MODIFY `user_id` int(10) NOT NULL AUTO_INCREMENT, AUTO_INCREMENT=42;
--
-- AUTO_INCREMENT for table `groups`
--
ALTER TABLE `groups`
  MODIFY `id` mediumint(8) UNSIGNED NOT NULL AUTO_INCREMENT, AUTO_INCREMENT=2;
--
-- AUTO_INCREMENT for table `login_attempts`
--
ALTER TABLE `login_attempts`
  MODIFY `id` int(11) UNSIGNED NOT NULL AUTO_INCREMENT;
--
-- AUTO_INCREMENT for table `users`
--
ALTER TABLE `users`
  MODIFY `id` int(11) UNSIGNED NOT NULL AUTO_INCREMENT, AUTO_INCREMENT=2;
--
-- AUTO_INCREMENT for table `users_groups`
--
ALTER TABLE `users_groups`
  MODIFY `id` int(11) UNSIGNED NOT NULL AUTO_INCREMENT, AUTO_INCREMENT=2;
--
-- Constraints for dumped tables
--

--
-- Constraints for table `ach_enrollments`
--
ALTER TABLE `ach_enrollments`
  ADD CONSTRAINT `fk_course_for_enrollments` FOREIGN KEY (`course_id`) REFERENCES `ach_course` (`id`) ON DELETE NO ACTION ON UPDATE NO ACTION;

--
-- Constraints for table `ach_gallery_img`
--
ALTER TABLE `ach_gallery_img`
  ADD CONSTRAINT `fk_gallery_album_for_gallery_img` FOREIGN KEY (`album_id`) REFERENCES `ach_gallery_album` (`id`) ON DELETE CASCADE ON UPDATE CASCADE;

/*!40101 SET CHARACTER_SET_CLIENT=@OLD_CHARACTER_SET_CLIENT */;
/*!40101 SET CHARACTER_SET_RESULTS=@OLD_CHARACTER_SET_RESULTS */;
/*!40101 SET COLLATION_CONNECTION=@OLD_COLLATION_CONNECTION */;
