#
# TABLE STRUCTURE FOR: ach_bank
#

DROP TABLE IF EXISTS `ach_bank`;

CREATE TABLE `ach_bank` (
  `id` int(11) NOT NULL AUTO_INCREMENT,
  `name` varchar(300) NOT NULL,
  PRIMARY KEY (`id`)
) ENGINE=InnoDB AUTO_INCREMENT=3 DEFAULT CHARSET=utf8;

INSERT INTO `ach_bank` (`id`, `name`) VALUES ('1', 'ธนาคารกสิกรไทย ลาดพร้าว 67 ออมทรัพย์ บจก. เอชานซ์ 074-2-68344-3');
INSERT INTO `ach_bank` (`id`, `name`) VALUES ('2', 'ธนาคารไทยพาณิชย์ ลาดพร้าว 59 ออมทรัพย์ บจก. เอชานซ์ 010-2-99842-6');


#
# TABLE STRUCTURE FOR: ach_contact
#

DROP TABLE IF EXISTS `ach_contact`;

CREATE TABLE `ach_contact` (
  `id` int(11) NOT NULL AUTO_INCREMENT,
  `address` varchar(500) NOT NULL,
  `tel` varchar(20) NOT NULL,
  `mobile` varchar(20) NOT NULL,
  `fax` varchar(20) NOT NULL,
  `email` varchar(100) NOT NULL,
  `time_open` varchar(255) NOT NULL,
  `pic_address` varchar(255) NOT NULL,
  PRIMARY KEY (`id`)
) ENGINE=InnoDB AUTO_INCREMENT=2 DEFAULT CHARSET=utf8;

INSERT INTO `ach_contact` (`id`, `address`, `tel`, `mobile`, `fax`, `email`, `time_open`, `pic_address`) VALUES ('1', '3/2 ซ.ลาดพร้าว 69 ถ.ลาดพร้าว แขวงสะพานสอง เขตวังทองหลาง กรุงเทพฯ 10310', '02-276-5260', '089-665-3599', '02-933-0969', 'info@achance.co.th, achancelearning@gmail.com', 'เวลาทำการ 9.00 - 17.00 น. หยุดทุกวันอังคาร', '25052017051944ac-map.jpg');


#
# TABLE STRUCTURE FOR: ach_course
#

DROP TABLE IF EXISTS `ach_course`;

CREATE TABLE `ach_course` (
  `id` int(11) NOT NULL AUTO_INCREMENT,
  `img` varchar(255) NOT NULL,
  `topic` varchar(200) NOT NULL,
  `date` varchar(100) NOT NULL,
  `content` longtext NOT NULL,
  `date_course` varchar(100) NOT NULL,
  `place_course` varchar(100) NOT NULL,
  `type_course` varchar(100) NOT NULL,
  `sort` int(11) NOT NULL,
  `status` varchar(100) NOT NULL,
  `title_tag` varchar(100) NOT NULL,
  `meta_description` varchar(300) NOT NULL,
  `meta_keyword` varchar(300) NOT NULL,
  `og_url` varchar(255) NOT NULL,
  `og_type` varchar(255) NOT NULL,
  `og_title` varchar(255) NOT NULL,
  `og_description` varchar(255) NOT NULL,
  `og_image` varchar(255) NOT NULL,
  PRIMARY KEY (`id`)
) ENGINE=InnoDB AUTO_INCREMENT=51 DEFAULT CHARSET=utf8;

INSERT INTO `ach_course` (`id`, `img`, `topic`, `date`, `content`, `date_course`, `place_course`, `type_course`, `sort`, `status`, `title_tag`, `meta_description`, `meta_keyword`, `og_url`, `og_type`, `og_title`, `og_description`, `og_image`) VALUES ('48', 'ca2130c0bbec9ae991b7110e35dd0db6.jpg', 'การทำผลิตภัณฑ์ทำความสะอาดเครื่องสำอางบนใบหน้า (Cleanser)', '8/6/2017', '&nbsp; &nbsp; &nbsp; &nbsp; &nbsp; การเลือกผลิตภัณฑ์ทำความสะอาดเครื่องสำอาง &nbsp;มีความสำคัญไม่น้อยไปกว่าการเลือกเครื่องสำอางค์ที่ดีและเหมาะสมสำหรับผิวหน้า &nbsp; เพราะสภาพผิวหน้าแต่ละคนไม่เหมือนกัน &nbsp;ผลิตภัณฑ์ล้างเครื่องสำอางค์ จึงถูกคิดค้นให้มีความหลากหลาย &nbsp;และเหมาะสมตามสภาพผิวแต่ละแบบ &nbsp; .... &nbsp; ยิ่งเครื่องสำอางค์ในท้องตลาดมีเพิ่มขึ้นเท่าไหร่ &nbsp;ความต้องการผลิตภัณฑ์ล้างเครื่องสำอางค์ย่อมมีสูงขึ้นตามมา &nbsp; &nbsp; การจ้างโรงงานผลิตเป็นเรื่องง่าย &nbsp;แต่ผลิตภัณฑ์ที่ออกสู่ท้องตลาดนั้น &nbsp;เราไม่ทราบได้เลยว่ามีความเหมาะสมมากน้อยเพียงใด &nbsp;รวมถึงสูตรที่ใช้ในการผลิต &nbsp;ที่เป็นมาตรฐานของโรงงาน &nbsp;ซึ่งผู้จ้างวานหรือเจ้าของสินค้าควรมีความรู้พืันฐานเกี่ยวกับส่วนผสมที่ใช้ในการผลิต ผลิตภัณฑ์ล้างเครื่องสำอางค์ &nbsp;เพื่อให้สามารถปรับปรุงพัฒนาสูตรให้ดียิ่งขึ้น &nbsp;และตอบโจทย์ตลาดได้มากขึ้น &nbsp; รวมทั้งสามารถสร้างสรรค์ผลิตภัณฑ์ที่เป็นเอกลักษณ์ และเข้าถึงผู้บริโภคได้มากยิ่งขึ้น<br />\r\n<br />\r\nคอร์ส การทำผลิตภัณฑ์ทำความสะอาดเครื่องสำอางบนใบหน้า (Cleanser) &nbsp; ท่านจะได้พบกับ.....<br />\r\n<br />\r\n<u><strong>ภาคบรรยาย</strong></u><br />\r\n1.ความรู้เบื้องต้นเครื่องสำอาง ประเภทต่างๆของผลิตภัณฑ์ทำความสะอาด<br />\r\n2.ความรู้เบื้องต้นเกี่ยวกับวัตถุดิบที่ใช้ผลิตผลิตภัณฑ์ทำความสะอาด<br />\r\n3.การพัฒนาสูตรเพื่อเพิ่มมูลค่าให้กับผลิตภัณฑ์ให้สอดคล้องกับตลาดปัจจุบัน<br />\r\n4.การตั้งสูตรตำรับ<br />\r\n5.การทดสอบความคงตัวของผลิตภัณฑ์<br />\r\n<br />\r\n<u><strong>ภาคปฏิบัติ</strong></u><br />\r\n1. High Moisture Snail Cleansing Water ผลิตภัณฑ์เช็ดเครื่องสำอางปราศจากน้ำมัน เหมาะสำหรับผิวแพ้ง่ายและผิวมัน ลดการอุดตันของสิ่งสกปรกที่ตกค้างและยังช่วยเพิ่มความชุ่มชื้นแก่ผิวหน้าจากสารสกัดเมือกหอยทากปราศจากน้ำหอมที่ก่อให้เกิดการแพ้ได้ง่าย<br />\r\n2. Cleansing Oil น้ำมันนวดเช็ดล้างเครื่องสำอาง เหมาะสำหรับผู้ที่แต่งหน้าจัดและใช้เครื่องสำอางที่ป้องกันน้ำสูง ใช้นวดใบหน้าก่อนใช้สำลีเช็ดออก เหมาะสำหรับผิวแห้ง ทั้งยังมีส่วนผสมของ Squalane ซึ่งเป็นน้ำมันที่มีประโยชน์ต่อผิวลดการเกิดริ้วรอย และไม่ทำให้หน้ามันจนเกินไป<br />\r\n3. Cleansing Squalane Milk ผลิตภัณฑ์เช็ดล้างเครื่องสำอางในรูปแบบน้ำนมเมื่อถูกน้ำ ผลิตภัณฑ์อยู่ในรูปแบบน้ำมันเมื่อนวดเสร็จล้างออกจะออกมาในรูปน้ำนม สามารถใช้ล้างกับน้ำเปล่าได้เลยโดยไม่ต้องล้างกับโฟมล้างหน้าซ้ำ<br />\r\n4. Aloe Vera Cleansing Cream ผลิตภัณฑ์เช็ดล้างเครื่องสำอางในรูปแบบเนื้อครีม ใช้งานง่ายสามารถล้างสิ่งสกปรกทั่วใบหน้าได้สะอาดหมดจดผสมสารสกัดว่านหางจระเข้ช่วยเพิ่มความชุ่มชื้นอีกทั้งยังช่วยลดการเกิดริ้วรอยก่อนวัยอันควร<br />\r\n5. Cleansing Cream with Scrub ผลิตภัณฑ์เช็ดล้างเครื่องสำอางในรูปแบบเนื้อครีมที่มาพร้อมเม็ดสครับช่วยขัดเซลล์ผิวที่ตายแล้วออกพร้อมกับสิ่งสกปรก ใช้งานง่ายสามารถล้างสิ่งสกปรกทั่วใบหน้าได้สะอาดหมดจด<br />\r\n<br />\r\n<strong>**สอนโดยนักวิทยาศาสตร์เครื่องสำอาง**<br />\r\n**เน้นให้ผู้เรียนปฏิบัติด้วยตนเอง &nbsp; ไม่มีการแนะนำจำหน่ายวัตถุดิบในคลาส**</strong><br />\r\n----------------------------------------------------<br />\r\nวันเสาร์ที่ 24 มิถุนายน 2560<br />\r\nเวลา 9.00น. - 16.00 น.<br />\r\nสถานที่ &nbsp; เอชานซ์ &nbsp;อาคารไนซ์ ทาวเวอร์2 &nbsp; ถ.รัชดาภิเษก<br />\r\n----------------------------------------------------<br />\r\nราคา 4,500 บาท<br />\r\n<br />\r\n<strong>Promotion Early Bird!</strong><br />\r\n<strong>ลงทะเบียนภายในวันที่ 17 มิถุนายน 2560 &nbsp;รับส่วนลด 5% เหลือ 4,275 บาท</strong><br />\r\n<br />\r\n*** ลงทะเบียนคู่กับคอร์ส &quot;การทำผลิตภัณฑ์ลิปสติกและบำรุงริมฝีปาก&quot;&nbsp;<br />\r\nราคาพิเศษเพียง &nbsp;8,000 บาท ****&nbsp;<br />\r\n<br />\r\n<strong>ผู้เข้าอบรมได้รับใบประกาศนียบัตร หลังเข้ารับการอบรม</strong><br />\r\n---------------------------------------<br />\r\nสอบถามรายละเอียดเพิ่มเติม หรือลงทะเบียนได้ที่<br />\r\n089-6653599<br />\r\n02-2765260<br />\r\nLine id : achancelearning<br />\r\n<br />\r\n<br />\r\nหมายเหตุ&nbsp;*&nbsp;กรณีมีการยกเลิกหรือเลื่อนการอบรม จะแจ้งล่วงหน้าก่อนการฝึกอบรม&nbsp;7 วัน , หากมีการจองตั๋วรถ/เครื่องบิน ทางสถาบันฯ ไม่รับผิดชอบค่าใช้จ่ายที่เกิดขึ้นทุกกรณี<br />\r\n<br />\r\n$สอนละเอียด &nbsp; $เข้าใจง่าย &nbsp; &nbsp;$นำไปใช้ได้จริง<br />\r\nwww.achance.co.th', 'เสาร์ที่ 24 มิถุนายน 2560', 'สถาบันเอชานซ์ อาคารไนซ์ 2  ซ.รุ่งเรือง ถ.รัชดาภิเษก', 'สุขภาพ ความงาม', '1', 'เปิด', 'ccc,ccc,ccc', 'ccc,ccc,ccc', 'ccc,ccc,ccc', 'q3', 'q3', 'q3', 'q3', 'q3');
INSERT INTO `ach_course` (`id`, `img`, `topic`, `date`, `content`, `date_course`, `place_course`, `type_course`, `sort`, `status`, `title_tag`, `meta_description`, `meta_keyword`, `og_url`, `og_type`, `og_title`, `og_description`, `og_image`) VALUES ('49', 'ca2130c0bbec9ae991b7110e35dd0db6.jpg', 'การทำผลิตภัณฑ์เวชสำอางค์ (Cosmeceuticals)', '6/6/2017', '&nbsp; &nbsp; &nbsp; &nbsp; &nbsp; ปัจจุบันนี้ &nbsp;ผลิตภัณฑ์ครีม มีความหลากหลาย และองค์ประกอบซับซ้อนกว่าผลิตภัณฑ์รุ่นเดิมมาก &nbsp; &nbsp; &nbsp; การแข่งขันในตลาดเครื่องสำอางค์ &nbsp;ทำให้ผลิตภัณฑ์ครีมและโลชั่น ต้องปรับตัวให้ทันไลฟ์สไตล์ของคนยุคนี้ &nbsp; &nbsp;ครีมของยุคนี้ &nbsp;จะต้องเห็นผลไว &nbsp;ปลอดภัย &nbsp;ไม่มีผลข้างเคียง &nbsp; ดังนั้น เพื่อให้ได้มาซึ่งผลลัพธ์ตามที่ต้องการ ผู้บริโภคจึงหันมาให้ความสนใจกับ &quot;ผลิตภัณฑ์เวชสำอาง&quot; มากขึ้น .... &nbsp;ผลิตภัณฑ์เวชสำอางค์ &nbsp;จัดอยู่กึ่งกลางระหว่างยา กับเครื่องสำอาง &nbsp; เป็นการเติมสารบำรุงผิวแบบเข้มข้นเข้าไปในเนื้อครีม &nbsp;สามารถให้ผลของการบำรุง แบบรวดเร็ว &nbsp;ยับยั้งหรือลดการเกิดสิวอักเสบได้อย่างมีประสิทธิภาพ &nbsp;ตอบโจทย์การใช้ชีวิตของผู้คนในยุคปัจจุบัน &nbsp;ถึงราคาจะอยู่ในเกณฑ์ค่อนข้างสูง &nbsp;แต่ผู้บริโภคก็ยินดีที่จะจ่าย &nbsp;เพื่อให้ได้มาซึ่งผลลัพธ์ที่ต้องการ &nbsp; ดังนั้น ผู้ผลิต จึงหันมาสนใจผลิตครีมประเภทเวชสำอางค์ &nbsp;เพื่อตอบโจทย์ความต้องการของลูกค้าที่เพิ่มสูงขึ้นเรื่อยๆ &nbsp; อีกทั้งยังสามารถปรับสูตรให้มีลูกเล่น และมีความหลากหลายของเนื้อครีมได้อีกมาก<br />\r\n<br />\r\n<u><strong>วัตถุประสงค์</strong></u><br />\r\n1. ผู้เรียนมีความรู้เบื้องต้นเกี่ยวกับเครื่องสำอาง ผิวหนัง<br />\r\n2. ผู้เรียนสามารถจำแนกความแตกต่างระหว่างเครื่องสำอางค์และผลิตภัณฑ์เวชสำอางค์ได้<br />\r\n3. ผู้เรียนมีความรู้เบื้องต้นเกี่ยวกับผลิตภัณฑ์ที่ใช้เป็นส่วนประกอบในการทำผลิตภัณฑ์เวชสำอางค์<br />\r\n4. ผู้เรียนสามารถทำผลิตภัณฑ์เวชสำอางค์ด้วยตัวเอง<br />\r\n5. ผู้เรียนสามารถพัฒนาสูตรของผลิตภัณฑ์ ให้เป็นสูตรตามแนวทางของตนเองได้<br />\r\n<br />\r\n<strong><u>ภาคบรรยาย</u></strong><br />\r\n1. ความรู้เบื้องต้นเกี่ยวกับเครื่องสำอาง<br />\r\n2. ความรู้เบื้องต้นเกี่ยวกับผิวหนัง<br />\r\n3. ความแตกต่างระหว่างเครื่องสำอางและเวชสำอาง<br />\r\n4. ความรู้เบื้องต้นเกี่ยวกับวัตถุดิบที่ใช้ในผลิตภัณฑ์<br />\r\n5. การพัฒนาสูตรเพื่อเพิ่มมูลค่าให้กับผลิตภัณฑ์ให้สอดคล้องกับตลาดปัจจุบัน<br />\r\n6. การตั้งสูตรตำรับและการทดสอบความคงตัวของผลิตภัณฑ์<br />\r\n7. แนะนำการยื่นขอเลขที่จดแจ้ง<br />\r\n8. แนะนำแหล่งซื้อวัสดุอุปกรณ์<br />\r\n<br />\r\n<u><strong>ภาคปฏิบัติ</strong></u><br />\r\n1. Vit C Serum For Lightening &nbsp;เซรั่มเนื้อบางเบา ซึมง่าย บำรุงผิวหน้าจากวิตามินซีจากธรรมชาติเข้มข้น ช่วยบำรุง ดูแลผิวหน้าให้ดูขาว กระจ่างใสขึ้น และไม่ก่อให้เกิดการแพ้<br />\r\n2. Tree Tea Oil Anti-Acne Gel &nbsp; เจลแต้มสิวอักเสบจากธรรมชาติลดการอักเสบของสิวและไม่ก่อให้เกิดสิวซ้ำ ใช้ง่ายแต้มเฉพาะจุด เนื้อเจลซึมเร็วและมีประสิทธิภาพ<br />\r\n3. Anti-Oxidant Facial Cream &nbsp; ครีมบำรุงผิวหน้าช่วยป้องกันผิวจากสารอนุมูลอิสระต่างๆ ที่เป็นสาเหตุการเกิดริ้วรอยก่อนวัย สามารถใช้ได้ทั้งกลางวันและกลางคืนเนื้อครีมเหนียวเหนอะหนะ&nbsp;<br />\r\n4. White Perfect Facial Cream &nbsp;ครีมบำรุงผิวหน้าที่เพิ่มความขาวกระจ่างใส ผิวแลดูสุขภาพดีเมื่อใช้เป็นประจำ&nbsp;<br />\r\n5. Deep Moisture Facial Cream ครีมกลางคืนบำรุงผิวหน้าเหมาะสำหรับคนผิวแห้งที่ช่วยเพิ่มน้ำแก่ผิวให้ผิวเนียน นุ่ม ชุ่มชื้นและมีสุขภาพดี<br />\r\n<br />\r\n<strong>**สอน และควบคุมการฝึกปฏิบัติ โดยนักวิทยาศาสตร์เครื่องสำอาง **</strong><br />\r\n<br />\r\n<strong>***การสอนเน้นให้ผู้เรียนปฏิบัติด้วยตนเอง &nbsp; &nbsp;ไม่มีการโฆษณาจำหน่ายวัตถุดิบใดๆ***</strong><br />\r\n----------------------------------------<br />\r\n<u><strong>คุณสมบัติผู้เข้าอบรม&nbsp;</strong></u>&nbsp;: &nbsp;นักธุรกิจ, พนักงานประจำ, เจ้าของกิจการ, &nbsp;เจ้าของคลินิกความงาม, &nbsp;และผู้สนใจทั่วไป<br />\r\n<br />\r\n<u><strong>ค่าลงทะเบียน</strong></u>&nbsp; : &nbsp;4,900 บาท (รวมค่าวัสดุอุปกรณ์ &nbsp;วัตถุดิบ &nbsp;คู่มือประกอบการเรียน &nbsp;สูตร &nbsp;อาหารว่างและอาหารกลางวัน)<br />\r\n<br />\r\n<strong>** Promotion Early Bird **</strong><br />\r\nลงทะเบียนก่อนวันที่ 10 มิถุนายน &nbsp;รับส่วนลด 5% &nbsp;เหลือเพียง &nbsp;4,655 บาท<br />\r\n<br />\r\n<strong>*** ลงทะเบียน 2 ท่าน พร้อมกัน &nbsp;รับส่วนลด 10% ***</strong><br />\r\n<br />\r\n<strong>ผู้เข้าอบรมได้รับใบประกาศนียบัตร หลังเข้ารับการอบรม</strong><br />\r\n---------------------------------------<br />\r\nสอบถามรายละเอียดเพิ่มเติม หรือลงทะเบียนได้ที่<br />\r\n089-6653599<br />\r\n02-2765260<br />\r\nLine id : achancelearning<br />\r\n<br />\r\n<br />\r\nหมายเหตุ&nbsp;*&nbsp;กรณีมีการยกเลิกหรือเลื่อนการอบรม จะแจ้งล่วงหน้าก่อนการฝึกอบรม&nbsp;7 วัน , หากมีการจองตั๋วรถ/เครื่องบิน ทางสถาบันฯ ไม่รับผิดชอบค่าใช้จ่ายที่เกิดขึ้นทุกกรณี', 'อาทิตย์ที่ 18 มิถุนายน 2560', 'สถาบันเอชานซ์ อาคารไนซ์ 2  ซ.รุ่งเรือง ถ.รัชดาภิเษก', 'สุขภาพ ความงาม', '2', 'เปิด', 'bbb,bbb,bbb', 'bbb,bbb,bbb', 'bbb,bbb,bbb', 'q2', 'article', 'q2', 'q2', 'q2');
INSERT INTO `ach_course` (`id`, `img`, `topic`, `date`, `content`, `date_course`, `place_course`, `type_course`, `sort`, `status`, `title_tag`, `meta_description`, `meta_keyword`, `og_url`, `og_type`, `og_title`, `og_description`, `og_image`) VALUES ('50', '9cb4205bfe207e2511aa607f11dc9c9c.jpg', 'การทำธุรกิจกาแฟสด (Basic Barista Class)', '6/6/2017', '<p><strong><u>หลักการและเหตุผล</u></strong>&nbsp;<br />\r\n&nbsp; &nbsp; &nbsp;หากต้องการมีกิจการเป็นของตนเอง &nbsp;หลายคนจะนึกถึงธุรกิจร้านกาแฟสดเป็นอันดับแรก &nbsp; &nbsp;แน่นอนว่าธุรกิจร้านกาแฟสด &nbsp;ก็ยังคงได้รับความนิยมเช่นนี้ไปอีกนาน ... แต่ถ้าถามว่า &nbsp;ร้านกาแฟสดที่เปิดใหม่ &nbsp;มีสักกี่ร้านที่สามารถประคับประคองตัวเอง &nbsp;และขยายฐานลูกค้าได้มากขึ้นๆ จนสามารถอยู่รอดได้ ... &nbsp;อาจจะมีไม่เกิน 20% ของร้านที่เปิดในช่วงเดียวกันก็ว่าได้ &nbsp; &nbsp;การทำธุรกิจกาแฟสดนั้น &nbsp;ดูเหมือนไม่มีอะไรยุ่งยาก ซับซ้อน &nbsp;แต่น้อยคนนักที่จะรู้ว่า นอกจากการชงกาแฟให้ถูกต้องแต่ละเมนูแล้ว &nbsp;การเตรียมตัวอื่นๆนั้น &nbsp;ก็จำเป็นไม่น้อยไปกว่ากัน ...&nbsp;การจัดเตรียมอุปกรณ์อื่นๆที่ต้องใช้ในเคาน์เตอร์บาร์ &nbsp; การจัดเตรียมที่นั่งสำหรับลูกค้า &nbsp;การตกแต่งร้าน &nbsp; การจัดการบัญชีรายรับ-รายจ่าย &nbsp; การจัดการ Stock วัตถุดิบ &nbsp;ให้เพียงพอสำหรับรอบการใช้งาน &nbsp;งานความสะอาดภายในร้าน &nbsp;และงานบริหารจัดการบุคลากร &nbsp;ฯลฯ &nbsp; สิ่งเหล่านี้ &nbsp;ที่เหล่าเจ้าของกิจการมือใหม่ต้องเจอ &nbsp;และต้องรับมือไปพร้อมๆกับการชงกาแฟในแต่ละวัน &nbsp;</p>\r\n\r\n<p><strong><u>วัตถุประสงค์</u></strong><br />\r\n1. ผู้เรียนมีความรู้เกี่ยวกับที่มาของเมล็ดกาแฟ สายพันธุ์กาแฟ &nbsp;การปลูก การแปรรูป และการคั่วกาแฟ<br />\r\n2. ผู้เรียนมีความรู้เกี่ยวกับเครื่่องชง-เครื่องบดกาแฟ &nbsp;เมนูกาแฟ และเครื่องดื่มอื่นๆที่สามารถจำหน่ายในร้านกาแฟ<br />\r\n3. ผู้เรียนสามารถชงกาแฟด้วยตัวเองทุกเมนู &nbsp;และสามารถชงเครื่องดื่มอื่นๆสำหรับร้านกาแฟได้ด้วยตนเอง<br />\r\n4. ผู้เรียนสามารถวิเคราะห์ต้นทุน-กำไร ของแต่ละเมนู<br />\r\n5. ผู้เรียนสามารถวางแผนการเงิน และวิเคราะห์ความเป็นไปได้ &nbsp;ในการทำธุรกิจร้านกาแฟ<br />\r\n<br />\r\n<u><strong>ภาคบรรยาย</strong></u><br />\r\n1. เรียนรู้ประวัติและสายพันธุ์ของกาแฟ ประเภทและรสชาติของกาแฟแต่ละชนิด&nbsp;<br />\r\n2. การเลือกใช้เมล็ดกาแฟ และการคั่วกาแฟแบบต่างๆ องค์ประกอบและลักษณะของกาแฟที่ดี&nbsp;<br />\r\n3. วิธีการชงกาแฟ Espresso ให้ถูกต้อง&nbsp;<br />\r\n4. เรียนรู้การเลือกเครื่องชงกาแฟ ประเภทของเครื่อง หลักการทำงานและส่วนประกอบของเครื่อง&nbsp;<br />\r\n5. การเปิดร้านกาแฟ การคัดเลือกวัตถุดิบ แนะนำวัสดุอุปกรณ์ในการเปิดร้านกาแฟ&nbsp;<br />\r\n<br />\r\n<u><strong>ภาคปฏิบัติ</strong></u><br />\r\n1. เรียนรู้เทคนิคการทำเครื่องดื่มกว่า 14 เมนู เช่น&nbsp;<br />\r\n- เอสเปรสโซร้อน/เย็น/<br />\r\n- คาปูชิโนร้อน/เย็น/<br />\r\n- มอคค่าร้อน/เย็น/<br />\r\n- ลาเต้ร้อน/เย็น/<br />\r\n- อเมริกาโน่ร้อน/เย็น/<br />\r\n- ชาดำร้อน/เย็น&nbsp;<br />\r\n- ชาร้อน/เย็น&nbsp;<br />\r\n- ชานมร้อน/เย็น&nbsp;<br />\r\n- ชาเขียวญี่ปุ่นร้อน/เย็น&nbsp;<br />\r\n- โกโก้ร้อน/เย็น&nbsp;<br />\r\n- ชามะนาวร้อน/เย็น&nbsp;<br />\r\n- ชามะนาวน้ำผึ้งร้อน/เย็น&nbsp;<br />\r\n- อิตาเลี่ยนโซดา ประกอบด้วย กลิ่น Mijito และอื่นๆ<br />\r\n<br />\r\n2. เรียนรู้เทคนิคการทำฟองนมด้วยเครื่องชงกาแฟ&nbsp;<br />\r\n3. การแต่งหน้ากาแฟเบื้องต้น&nbsp;<br />\r\n4. การคำนวณต้นทุนและกำไร แนะนำการตลาด<br />\r\n----------------------------------------</p>\r\n\r\n<p><strong><u>คุณสมบัติผู้เข้าอบรม</u></strong>&nbsp;&nbsp;: &nbsp;นักธุรกิจ, พนักงานประจำ, เจ้าของกิจการ, &nbsp;เจ้าของร้านเบเกอรี่, เจ้าของร้านอาหาร&nbsp;และผู้สนใจทั่วไป</p>\r\n\r\n<p><strong><u>ค่าลงทะเบียน</u></strong>&nbsp; : &nbsp;2,900 บาท (รวมค่าวัสดุอุปกรณ์ &nbsp;วัตถุดิบ &nbsp;คู่มือประกอบการเรียน &nbsp;สูตร &nbsp;อาหารว่างและอาหารกลางวัน)<br />\r\n<br />\r\n<strong>** Promotion Early Bird **</strong><br />\r\nลงทะเบียนก่อนวันที่ 10 มิถุนายน &nbsp;รับส่วนลด 5% &nbsp;เหลือเพียง &nbsp;2,755 บาท<br />\r\n<br />\r\n<strong>*** ลงทะเบียน 2 ท่าน พร้อมกัน &nbsp;รับส่วนลด 10% ***</strong><br />\r\n<br />\r\n<strong>ผู้เข้าอบรมได้รับใบประกาศนียบัตร หลังเข้ารับการอบรม</strong><br />\r\n---------------------------------------<br />\r\nสอบถามรายละเอียดเพิ่มเติม หรือลงทะเบียนได้ที่<br />\r\n089-6653599<br />\r\n02-2765260<br />\r\nLine id : achancelearning<br />\r\n&nbsp;</p>\r\n\r\n<p><u>หมายเหตุ</u>&nbsp;*&nbsp;กรณีมีการยกเลิกหรือเลื่อนการอบรม จะแจ้งล่วงหน้าก่อนการฝึกอบรม&nbsp;7 วัน , หากมีการจองตั๋วรถ/เครื่องบิน ทางสถาบันฯ ไม่รับผิดชอบค่าใช้จ่ายที่เกิดขึ้นทุกกรณี</p>\r\n', 'อาทิตย์ที่ 17 มิถุนายน 2560', 'สถาบันเอชานซ์ อาคารไนซ์ 2  ซ.รุ่งเรือง ถ.รัชดาภิเษก', 'อาหาร เครื่องดื่ม', '3', 'เปิด', 'aaa,aaa,aaa', 'aaa,aaa,aaa', 'aaa,aaa,aaa', 'q1', 'article', 'q1', 'q1', '6101b879581da56c2cdfb442ec974665.jpg');


#
# TABLE STRUCTURE FOR: ach_enrollments
#

DROP TABLE IF EXISTS `ach_enrollments`;

CREATE TABLE `ach_enrollments` (
  `id` int(11) NOT NULL AUTO_INCREMENT,
  `course_id` int(11) NOT NULL,
  `name_th` varchar(100) NOT NULL,
  `name_en` varchar(100) NOT NULL,
  `address` varchar(255) NOT NULL,
  `tel` varchar(100) NOT NULL,
  `fax` varchar(100) NOT NULL,
  `email` varchar(100) NOT NULL,
  `bank_name` varchar(100) NOT NULL,
  `status` varchar(100) NOT NULL,
  `enrollments_date` timestamp NOT NULL DEFAULT CURRENT_TIMESTAMP,
  PRIMARY KEY (`id`),
  KEY `course_id` (`course_id`),
  CONSTRAINT `fk_course_for_enrollments` FOREIGN KEY (`course_id`) REFERENCES `ach_course` (`id`) ON DELETE NO ACTION ON UPDATE NO ACTION
) ENGINE=InnoDB DEFAULT CHARSET=utf8;

#
# TABLE STRUCTURE FOR: ach_faq
#

DROP TABLE IF EXISTS `ach_faq`;

CREATE TABLE `ach_faq` (
  `id` int(11) NOT NULL AUTO_INCREMENT,
  `question` varchar(255) NOT NULL,
  `answer` varchar(5000) NOT NULL,
  PRIMARY KEY (`id`)
) ENGINE=InnoDB AUTO_INCREMENT=15 DEFAULT CHARSET=utf8;

INSERT INTO `ach_faq` (`id`, `question`, `answer`) VALUES ('2', 'มีสถาบันจัดอบรมอยู่หลายที่ ทำไมต้องเลือกเรียนที่เอชานซ์', '1.1 สถาบันเอชานซ์ จัดอบรมมากว่า 10 ปี เรามีประสบการณ์จัดอบรมหลักสูตรหลากหลายมากถึง 200 หลักสูตร เรามีประสบการณ์การจัดอบรมแบบ Workshop ที่เน้นทฤษฎีและปฏิบัติจริง ผู้เรียนจึงสามารถนำไปใช้ได้จริง อีกทั้งสามารถนำไปประยุกต์แบบหรือสูตรเพื่อให้เกิดความแตกต่างได้ \r\n\r\n1.2 ทางสถาบันฯ ไม่มีผลประโยชน์แอบแฝงจากการจัดอบรม วิทยากรของเราจะให้ความรู้อย่างเปิดเผย พร้อมแนะนำแหล่งซื้อวัสดุอุปกรณ์หลากหลายที่ ที่ตรวจสอบแล้วว่ามีสินค้าคุณภาพดี และราคาเหมาะสม ทั้งนี้ผู้เข้าอบรมสามารถเปรียบเทียบได้ด้วยตัวเอง ทางสถาบันฯ มิได้มีผลประโยชน์จากการแนะนำใดๆ ทั้งสิ้น \r\n\r\n1.3 เราได้คัดเลือกวิทยากรในหลากหลายสาขาที่มีความรู้และความชำนาญจริงในสาขานั้นๆ ปัจจุบันเรามีวิทยากรมากกว่า 20 ท่าน เราเน้นทั้งคุณภาพของเนื้อหา วิธีการสอน และบรรยากาศในการเรียน คุณจึงสามารถมั่นใจในความคุ้มค่าของเงินค่าลงทะเบียน \r\n\r\n1.4 สถาบันเอชานซ์ได้พัฒนาและสร้างสรรค์หลักสูตรใหม่ๆ อยู่เสมอ เพื่อให้ท่านสามารถได้เรียนรู้การผลิตสินค้าใหม่ๆ ที่ทันสมัย หรือที่ยังใหม่ในท้องตลาด โดยเฉลี่ยแล้วเราจะมีหลักสูตรใหม่ทุกๆ 2 เดือน ในส่วนของหลักสูตรเก่า เราจะมีปรับปรุงและปรับเปลี่ยนรายการ หรือเปิดหลักสูตรที่ 2 หรือ 3 เพิ่ม เพื่อให้ผู้เรียนได้มีโอกาสเลือกมากขึ้นหรือเรียนต่อเนื่องเพื่อให้รู้ลึกและรู้จริง \r\n\r\n1.5 เนื่องจากสถาบันฯ มีหลักสูตรมากมาย เราจึงจัดโปรแกรมส่วนลด ให้คุณที่ต้องการเรียนหลายหลักสูตรได้รับส่วนลดพิเศษ คุณจึงสามารถเรียนต่อเนื่องในราคาที่คุ้มค่า');
INSERT INTO `ach_faq` (`id`, `question`, `answer`) VALUES ('3', 'ทำไมต้องสมัครล่วงหน้า 5 วันก่อนอบรม', 'การอบรมของทางสถาบันฯ เน้นการปฏิบัติ ฉะนั้นจึงต้องมีการจัดเตรียมวัสดุอุปกรณ์ต่างๆ ไว้ล่วงหน้า ตามจำนวนผู้เรียน อีกทั้งบางหลักสูตรต้องใช้สถานที่ของโรงแรมซึ่งต้องมีการจองและยืนยันจำนวนผู้เข้าอบรมล่วงหน้า การทราบจำนวนผู้เข้าอบรมล่วงหน้าจะสามารถทำให้เราจัดเตรียมการอบรมได้สมบูรณ์ ซึ่งจะเป็นประโยชน์ต่อตัวท่านเองด้วย');
INSERT INTO `ach_faq` (`id`, `question`, `answer`) VALUES ('4', 'ถ้าสมัครแล้วไม่สามารถมาเรียนได้จะขอเปลี่ยนหลักสูตร หรือขอเงินคืนได้หรือไม่', 'เมื่อคุณสมัครหลักสูตรที่เรียนแล้ว จะไม่สามารถเปลี่ยนแปลงได้ เนื่องจากทางสถาบันฯ จะต้องมีการจัดเตรียมเอกสาร วัสดุอุปกรณ์ และสถานที่ไว้ตามจำนวนคน ซึ่งหมายถึงได้เกิดค่าใช้จ่ายขึ้นแล้วแม้ท่านจะไม่มาอบรม อีกทั้งการเปลี่ยนแปลงดังกล่าวอาจมีผลให้จำนวนผู้เข้าอบรมไม่ถึงเกณฑ์ที่จะจัดได้ ทำให้ต้องยกเลิกการจัดอบรมหลักสูตรนั้นๆ อย่างกะทันหัน ซึ่งมีผลกระทบต่อผู้เข้าอบรมท่านอื่นๆ ทั้งหมด');
INSERT INTO `ach_faq` (`id`, `question`, `answer`) VALUES ('5', 'ไม่แน่ใจว่าจะว่างในวันดังกล่าวหรือไม่ จะขอชำระที่หน้างานได้หรือไม่', 'การขอชำระที่หน้างาน ผู้เข้าอบรมควรจะแจ้งให้สถาบันฯ ทราบล่างหน้า เพื่อตรวจสอบว่ายังมีที่เหลืออยู่หรือไม่ ทั้งนี้ทางสถาบันฯ จะไม่สามารถการันตีที่ไว้ให้ท่านได้ เนื่องจากอาจจะมีผู้สมัครท่านอื่นๆ โอนเงินค่าสมัครเข้ามาก่อน และทำให้หลักสูตรนั้นเต็ม ทั้งนี้หากสามารถจัดที่ให้ท่านได้ในวันดังกล่าว ที่ของท่านอาจเป็นที่เสริม เนื่องจากบางครั้งได้จัดโต๊ะไว้เพียงพอกับจำนวนผู้อบรมที่โอนค่าลงทะเบียนล่วงหน้ามาแล้ว');
INSERT INTO `ach_faq` (`id`, `question`, `answer`) VALUES ('6', ' ทำไมไม่รับสมัครกรณีชำระหน้างาน', 'การชำระเงินที่หน้างานในวันอบรม มีความไม่สะดวกหลายประการในการจัดงาน เพราะสถาบันฯ อาจจะต้องจัดเตรียมเอกสารและวัสดุอุปกรณ์เพิ่มเติมในเวลากระชั้นชิด การแจ้งขอชำระเงินหน้างานมิได้การันตีว่าผู้สมัครจะมาเข้าอบรมจริง จึงทำให้เกิดความไม่สะดวกในการจัดงานหลายประการ');
INSERT INTO `ach_faq` (`id`, `question`, `answer`) VALUES ('7', 'ในการมาอบรมจะต้องเตรียมตัวอย่างไร', 'คุณไม่จำเป็นต้องนำอุปกรณ์อะไรติดตัวมาด้วยเลย เพราะเราจะเตรียมเอกสาร เครื่องดื่ม อาหารว่าง อาหารกลางวัน (ในหลักสูตรเต็มวัน) และอุปกรณ์การเรียนต่างๆ พร้อมบรรจุภัณฑ์ให้ทั้งหมด คุณเพียงแต่เตรียมหลักฐานการโอนเงินและมาก่อนเวลาประมาณ 15 นาทีเพื่อลงทะเบียนและเตรียมเข้าอบรมเท่านั้น');
INSERT INTO `ach_faq` (`id`, `question`, `answer`) VALUES ('8', 'เรียนแล้ว กลับไปจะสามารถทำได้หรือไม่', 'ในการเรียนการสอนของสถาบันฯ จะเน้นทั้งทฤษฏีและปฏิบัติ เพื่อให้ผู้เรียนมีความเข้าใจอย่างถ่องแท้ ทางสถาบันฯ จะเน้นให้ผู้เข้าอบรมได้มีส่วนร่วมในการปฏิบัติจริง ทั้งนี้ในบางหลักสูตรโดยเฉพาะหลักสูตรเครื่องสำอางจะจัดให้ปฏิบัติร่วมกันเป็นกลุ่ม เนื่องจากผู้อบรมส่วนใหญ่อาจจะยังไม่มีพื้นฐานการผลิต จึงต้องช่วยกันเพื่อให้สามารถปฏิบัติได้ถูกต้องทุกขั้นตอนและทันเวลา นอกจากนั้นหากผู้อบรมกลับไปแล้วมีปัญหาในการปฏิบัติผลิตภัณฑ์นั้นๆ ก็สามารถติดต่อสอบถามวิทยากรในภายหลังได้ แต่ทั้งนี้ขอความร่วมมือให้สอบถามวิทยากรกรณีจำเป็นและเฉพาะเนื้อหาและปัญหาของหลักสูตรที่อบรมไปแล้วเท่านั้น และเพื่อความเหมาะสม สถาบันฯ ขอให้ผู้เข้าอบรมสอบถามในห้องเรียนหรือในช่วงที่เปิดให้มีการสอบถามเท่านั้น เพื่อจะได้ให้ผู้เข้าอบรมท่านอื่นๆ ได้รับฟังด้วย');
INSERT INTO `ach_faq` (`id`, `question`, `answer`) VALUES ('9', 'แต่ละหลักสูตรจะได้ปฏิบัติต่อคนหรือไม่', 'สำหรับหลักสูตรงานฝีมือ ผู้เข้าอบรมจะได้มีโอกาสปฏิบัติต่อคนต่อชิ้น เพื่อให้ได้เรียนรู้และสัมผัสทุกขั้นตอนด้วยตัวคุณเอง อย่างไรก็ตามสำหรับหลักสูตรอื่นๆ เช่น หลักสูตรการผลิตเครื่องสำอาง ท่านจะได้ปฏิบัติเป็นกลุ่มๆ ละประมาณ 4-5 คน เพื่อจะได้ช่วยกันปฏิบัติได้ถูกต้องตามขั้นตอน ในเวลาและอุณหภูมิที่พอเหมาะ สำหรับหลักสูตรอาหารท่านจะได้ดูการสาธิตอย่างใกล้ชิดและร่วมปฏิบัติไปด้วยกัน เนื่องจากมีขั้นตอนมากมายและบางท่านอาจไม่มีความชำนาญมากพอที่จะปฏิบัติเองทั้งหมด');
INSERT INTO `ach_faq` (`id`, `question`, `answer`) VALUES ('10', 'แต่ละคลาสรับผู้เข้าอบรมมากน้อยแค่ไหน', 'โดยส่วนใหญ่ แต่ละคลาสจะรับผู้เข้าอบรมไม่เกิน 10 ท่าน เพื่อให้วิทยากรสามารถดูแลคุณได้อย่างใกล้ชิด และสร้างบรรยากาศที่เป็นส่วนตัวและเป็นกันเอง สามารถสอบถามวิทยากรเพื่อให้ได้ความรู้ตามที่คุณต้องการ หรือการพัฒนาสูตรให้เหมาะกับธุรกิจที่คุณมีอยู่');
INSERT INTO `ach_faq` (`id`, `question`, `answer`) VALUES ('11', 'ลูกค้าเก่าจะได้ส่วนลดพิเศษหรือไม่', 'เรามีส่วนลดเป็นปกติสำหรับทุกท่านอยู่แล้ว กรณีสมัครล่วงหน้า 7 วัน หรือกรณีสมัครพร้อมกันเป็นคู่ ขณะนี้เรายังไม่มีนโยบายให้ส่วนลดกับลูกค้าเก่าทุกๆ คนเนื่องจากในวันอบรมท่านสามารถให้ผู้อื่นเข้าอบรมแทนได้ เรามิได้จำกัดสิทธิ์ว่าจะต้องเป็นชื่อลูกค้าท่านนั้นเท่านั้น');
INSERT INTO `ach_faq` (`id`, `question`, `answer`) VALUES ('12', 'จะรู้ได้อย่างไรว่าผลิตภัณฑ์ที่สอนมีคุณภาพดีหรือไม่', 'การอบรมของเราจะเน้นการให้ความรู้และทักษะ (know-how) รวมทั้งเคล็ดลับต่างๆ สูตรและตำรับที่ให้อาจจะไม่ใช่สูตรตายตัว คุณสามารถนำไปประยุกต์ได้ อย่างไรก็ตามคุณภาพของผลิตภัณฑ์ที่ทำในวันอบรมอาจขึ้นอยู่กับทักษะของผู้เข้าอบรม หากมีความผิดพลาดเกิดขึ้น วิทยากรจะช่วยแก้ปัญหาและแนะแนวทางการพัฒนาให้ ทั้งนี้ความพึงพอใจของผลิตภัณฑ์ยังขึ้นอยู่กับรสนิยมของแต่ละท่านด้วย');
INSERT INTO `ach_faq` (`id`, `question`, `answer`) VALUES ('13', 'ผลิตภัณฑ์ที่แจ้งไว้ในเนื้อหาย่อยนั้น จะมีการสอนปฏิบัติทุกตัวหรือไม่', 'แน่นอน ผลิตภัณฑ์ที่แจ้งไว้จะเป็นการสอนและให้ผู้เข้าอบรมได้ปฏิบัติจริงทุกตัว ไม่ใช่ลักษณะการแจกเอกสารสูตรให้ไปทำเองที่บ้าน ในส่วนของผลิตภัณฑ์ซึ่งเป็นตัวแถม ซึ่งจะเป็นสักษณะการสาธิตในกรณีที่เวลาไม่เพียงพอ จะมีกำกับไว้ในเนื้อหาย่อยเพื่อให้ผู้อบรมได้ทราบล่วงหน้าว่าจะเป็นการสาธิตเท่านั้น ในส่วนของหลักสูตรอาหาร เครื่องดื่มและเบเกอรี่จะเป็นการปฏิบัติกึ่งสาธิต เพราะมีเมนูที่จะต้องเรียนรู้เป็นจำนวนค่อนข้างมาก และผู้เข้าอบรมบางท่านอาจจะยังไม่พร้อมในการปฏิบัติเดี่ยวในครั้งแรก');
INSERT INTO `ach_faq` (`id`, `question`, `answer`) VALUES ('14', 'มาอบรมแล้วจะได้ผลิตภัณฑ์กลับบ้านหรือไม่', 'แน่นอน คุณจะได้ผลิตภัณฑ์ทุกตัวที่คุณทำกลับบ้านด้วย ยกเว้นหลักสูตรเครื่องดื่ม ไอศกรีม หรืออาหารบางหลักสูตรที่ผู้เข้าอบรมอาจจะรับประทานในห้อง และไม่สะดวกในการนำกลับ แต่โดยส่วนใหญ่เราจะพยายามจัดบรรจุภัณฑ์ใส่อาหารให้คุณนำกลับบ้านได้');


#
# TABLE STRUCTURE FOR: ach_gallery_album
#

DROP TABLE IF EXISTS `ach_gallery_album`;

CREATE TABLE `ach_gallery_album` (
  `id` int(11) NOT NULL AUTO_INCREMENT,
  `img` varchar(255) NOT NULL,
  `content` varchar(255) NOT NULL,
  `status` varchar(30) NOT NULL,
  PRIMARY KEY (`id`)
) ENGINE=InnoDB AUTO_INCREMENT=42 DEFAULT CHARSET=utf8;

INSERT INTO `ach_gallery_album` (`id`, `img`, `content`, `status`) VALUES ('38', 'ca2130c0bbec9ae991b7110e35dd0db6.jpg', 'test1', 'เปิด');
INSERT INTO `ach_gallery_album` (`id`, `img`, `content`, `status`) VALUES ('39', 'ca2130c0bbec9ae991b7110e35dd0db6.jpg', 'test2', 'เปิด');
INSERT INTO `ach_gallery_album` (`id`, `img`, `content`, `status`) VALUES ('40', 'ca2130c0bbec9ae991b7110e35dd0db6.jpg', 'test3', 'เปิด');
INSERT INTO `ach_gallery_album` (`id`, `img`, `content`, `status`) VALUES ('41', 'ca2130c0bbec9ae991b7110e35dd0db6.jpg', 'test4', 'เปิด');


#
# TABLE STRUCTURE FOR: ach_gallery_img
#

DROP TABLE IF EXISTS `ach_gallery_img`;

CREATE TABLE `ach_gallery_img` (
  `id` int(11) NOT NULL AUTO_INCREMENT,
  `img` varchar(255) NOT NULL,
  `content` varchar(255) NOT NULL,
  `album_id` int(11) NOT NULL,
  PRIMARY KEY (`id`),
  KEY `album_id` (`album_id`),
  CONSTRAINT `fk_gallery_album_for_gallery_img` FOREIGN KEY (`album_id`) REFERENCES `ach_gallery_album` (`id`) ON DELETE CASCADE ON UPDATE CASCADE
) ENGINE=InnoDB AUTO_INCREMENT=19 DEFAULT CHARSET=utf8;

INSERT INTO `ach_gallery_img` (`id`, `img`, `content`, `album_id`) VALUES ('1', '5ec89763b0581948f47a79165518ef4c.jpg', 'xxxxxx', '41');
INSERT INTO `ach_gallery_img` (`id`, `img`, `content`, `album_id`) VALUES ('2', '3abcdf40a53031ee2167d8de412a49da.jpg', '1', '41');
INSERT INTO `ach_gallery_img` (`id`, `img`, `content`, `album_id`) VALUES ('3', 'f5f41694968e35a239bf24a5cae2f54e.jpg', '2', '41');
INSERT INTO `ach_gallery_img` (`id`, `img`, `content`, `album_id`) VALUES ('4', '56c87fdae16541edee50c25932a32925.jpg', '3', '41');
INSERT INTO `ach_gallery_img` (`id`, `img`, `content`, `album_id`) VALUES ('5', 'e561ddc502d730680111a63661c04389.jpg', '4', '41');
INSERT INTO `ach_gallery_img` (`id`, `img`, `content`, `album_id`) VALUES ('6', '4d900b5f24aab406ed9199b2b3e3b6f6.jpg', '5', '41');
INSERT INTO `ach_gallery_img` (`id`, `img`, `content`, `album_id`) VALUES ('7', 'af26290ca4b8db13888b6d923d8906b6.jpg', '6', '41');
INSERT INTO `ach_gallery_img` (`id`, `img`, `content`, `album_id`) VALUES ('8', '492e0684e6b0416d73d1bbe0e57c9885.jpg', '7', '41');
INSERT INTO `ach_gallery_img` (`id`, `img`, `content`, `album_id`) VALUES ('9', '70dd8f64e33a516091fa3b9c5b2b19e4.jpg', '8', '41');
INSERT INTO `ach_gallery_img` (`id`, `img`, `content`, `album_id`) VALUES ('10', '56c87fdae16541edee50c25932a32925.jpg', '9', '41');
INSERT INTO `ach_gallery_img` (`id`, `img`, `content`, `album_id`) VALUES ('11', '1ee4f86527b630992827feff517547da.jpg', '10', '41');
INSERT INTO `ach_gallery_img` (`id`, `img`, `content`, `album_id`) VALUES ('12', '5446a63b79407a9bd9683e7ea8fa0d70.jpg', '11', '41');
INSERT INTO `ach_gallery_img` (`id`, `img`, `content`, `album_id`) VALUES ('13', '61282b4674798b641948ab39cde6abeb.jpg', '12', '41');
INSERT INTO `ach_gallery_img` (`id`, `img`, `content`, `album_id`) VALUES ('14', '4eae2a04151eab6d26c457125a7a3930.jpg', '13', '41');
INSERT INTO `ach_gallery_img` (`id`, `img`, `content`, `album_id`) VALUES ('15', 'af26290ca4b8db13888b6d923d8906b6.jpg', '14', '41');
INSERT INTO `ach_gallery_img` (`id`, `img`, `content`, `album_id`) VALUES ('16', '2925f5a892af7c3dcbff3ad564b600df.jpg', '15', '41');
INSERT INTO `ach_gallery_img` (`id`, `img`, `content`, `album_id`) VALUES ('17', '2925f5a892af7c3dcbff3ad564b600df.jpg', '16', '41');
INSERT INTO `ach_gallery_img` (`id`, `img`, `content`, `album_id`) VALUES ('18', '5ec89763b0581948f47a79165518ef4c.jpg', '17', '41');


#
# TABLE STRUCTURE FOR: ach_information
#

DROP TABLE IF EXISTS `ach_information`;

CREATE TABLE `ach_information` (
  `id` int(11) NOT NULL AUTO_INCREMENT,
  `img` varchar(255) NOT NULL,
  `topic` varchar(250) NOT NULL,
  `content` longtext NOT NULL,
  PRIMARY KEY (`id`)
) ENGINE=InnoDB AUTO_INCREMENT=2 DEFAULT CHARSET=utf8;

INSERT INTO `ach_information` (`id`, `img`, `topic`, `content`) VALUES ('1', '0806201706134807062017233638fastract.jpg', 'Free Work Shop!  \"Fast tract Marketing Online\" \r\nงานนี้ ผู้รักการเรียนรู้ห้ามพลาด!!\r\nเอชานซ์ ต่อยอดให้ทุกท่านได้มีช่องทางการจัดจำหน่ายสินค้าของท่าน\r\nสัมมนา Free! ที่จะทำให้คุณสร้างยอดขายเพิ่มขึ้น\r\nเพียงแค่ปลายนิ้ว Click!', 'Free Work Shop! &nbsp;&quot;Fast tract Marketing Online&quot;&nbsp;<br />\r\nงานนี้ ผู้รักการเรียนรู้ห้ามพลาด!!<br />\r\nเอชานซ์ ต่อยอดให้ทุกท่านได้มีช่องทางการจัดจำหน่ายสินค้าของท่าน<br />\r\nสัมมนา Free! ที่จะทำให้คุณสร้างยอดขายเพิ่มขึ้น<br />\r\nเพียงแค่ปลายนิ้ว Click!<br />\r\n<br />\r\nพบกับวิทยากร ผู้มีประสบการณ์ด้านการตลาด Online ระดับโลก มานานกว่า 10 ปี!<br />\r\n<br />\r\n&quot; คุณรัตนชัย ฐาปนะพงศ์ &quot; หรือ &quot;อาจารย์เบนซ์!&quot;<br />\r\n- ผู้เชี่ยวชาญสอนขายสินค้าไทยบน Amazon.com คนแรกของประเทศไทย<br />\r\n- เจ้าของหนังสือ &quot;ขายสินค้าไทยรวยเป็นล้านด้วย Amazon.com&quot;<br />\r\n- ที่ปรึกษาธุรกิจในและนอกประเทศ');


#
# TABLE STRUCTURE FOR: ach_inquiry_suggestions
#

DROP TABLE IF EXISTS `ach_inquiry_suggestions`;

CREATE TABLE `ach_inquiry_suggestions` (
  `id` int(11) NOT NULL AUTO_INCREMENT,
  `topic` varchar(100) NOT NULL,
  `name` varchar(100) NOT NULL,
  `email` varchar(100) NOT NULL,
  `tel` varchar(100) NOT NULL,
  `content` varchar(500) NOT NULL,
  `status` varchar(100) NOT NULL,
  PRIMARY KEY (`id`)
) ENGINE=InnoDB AUTO_INCREMENT=24 DEFAULT CHARSET=utf8;

INSERT INTO `ach_inquiry_suggestions` (`id`, `topic`, `name`, `email`, `tel`, `content`, `status`) VALUES ('17', 'สอบถามคอร์สเรียน', 'นาย สันติ ร่วมสุข', 'ta.vin35@hotmail.com', '094-124-1245', 'มีคอร์ดสอนทำไอศรีมไหมครับ', 'ยังไม่ตอบคำถาม');
INSERT INTO `ach_inquiry_suggestions` (`id`, `topic`, `name`, `email`, `tel`, `content`, `status`) VALUES ('19', 'ติชม', 'นายอัศม์เดช  หาญเสมอ', 'opsobo@gmail.com', '093-356-2513', 'ดีมากเว๊ปสวยมากๆเลยค่ะ', 'ยังไม่ตอบคำถาม');
INSERT INTO `ach_inquiry_suggestions` (`id`, `topic`, `name`, `email`, `tel`, `content`, `status`) VALUES ('23', 'สอบถามคอร์สเรียน', 'นางสาวจิราวัลย์  พรมพิลาด', 'kram@gmail.com', '092-124-3553', 'มีคอร์สทำไอติมไหมครับ', 'ยังไม่ตอบคำถาม');


#
# TABLE STRUCTURE FOR: ach_knowledge
#

DROP TABLE IF EXISTS `ach_knowledge`;

CREATE TABLE `ach_knowledge` (
  `id` int(11) NOT NULL AUTO_INCREMENT,
  `type` varchar(100) NOT NULL,
  `img` varchar(255) NOT NULL,
  `topic` varchar(200) NOT NULL,
  `date` varchar(100) NOT NULL,
  `content` longtext NOT NULL,
  `title_tag` varchar(100) NOT NULL,
  `meta_description` varchar(300) NOT NULL,
  `meta_keyword` varchar(300) NOT NULL,
  `og_url` varchar(255) NOT NULL,
  `og_type` varchar(255) NOT NULL,
  `og_title` varchar(255) NOT NULL,
  `og_description` varchar(255) NOT NULL,
  `og_image` varchar(255) NOT NULL,
  PRIMARY KEY (`id`)
) ENGINE=InnoDB AUTO_INCREMENT=19 DEFAULT CHARSET=utf8;

INSERT INTO `ach_knowledge` (`id`, `type`, `img`, `topic`, `date`, `content`, `title_tag`, `meta_description`, `meta_keyword`, `og_url`, `og_type`, `og_title`, `og_description`, `og_image`) VALUES ('15', 'ภาพถ่าย', '29052017075419Vitamin-C.jpg', 'ประโยชน์ของวิตามินซี และ โทษของวิตามินซี มีอะไรบ้าง', 'โพสเมื่อวันที่ 11 มกราคม 2560', '<p>ในปัจจุบันมีสาวๆ ที่รักสวยรักงาม รักสุขภาพ หลายๆ คนนิยมหันมารับประทาน<strong>วิตามินซี</strong>&nbsp;หรือ<strong>อาหารเสริม</strong>อื่นๆ มากขึ้น เพื่อความสวยความงาม บางคนถึงขนาดลงทุนฉีดวิตามินก็มีเพราะอยากมี<strong>ผิวสวยใส</strong>&nbsp;ถึงแม้วิตามินซีจะมีอยู่ผักผลไม้หลายชนิดก็ตามแต่สำหรับคนที่ไม่ชอบรับทาน ผักผลไม้บางชนิดซึ่งมีวิตามินซีสูงจึงหันมากินวิตามินซีที่มีขายอยู่ทั่วไป จนอาจจะทำให้มองข้ามความปลอดภัยจากการรับประทานวิตามินซีมากเกินไป วันนี้เราจะพาคุณมาทำความรู้จักกับ<strong>ประโยชน์ของวิตามินซี</strong>&nbsp;และ&nbsp;<strong>โทษของวิตามินซี</strong>&nbsp;ว่ามีข้อดีและข้อเสียอย่างไรบ้าง<br />\r\n<strong>วิตามินซี</strong>เป็นวิตามินที่มีความสำคัญต่อการเจริญเติบโตและพัฒนาการของร่างกาย แต่ร่างกายไม่สามารถสร้างวิตามินซีขึ้นเองได้และร่างกายยังไม่สามารถเก็บ สะสมวิตามินซีได้เนื่องจากวิตามินซีนั้นเป็นวิตามินชนิดที่ละลายในน้ำได้ ดังนั้นการรับประทานอาหารที่มีวิตามินซีจึงเป็นสิ่งที่จำเป็น</p>\r\n\r\n<p><strong>ประโยชน์ของวิตามินซี&nbsp;</strong><br />\r\n&ndash; มีส่วนช่วยในการซ่อมแซมเนื้อเยื่อทุกส่วนในร่างกายไม่ว่าจะเป็นเนื้อเยื่อ ของผิวหนัง เส้นเอ็น เส้นเลือด ซึ่งวิตามินซีนั้นจะช่วยให้อวัยวะเหล่านี้ไม่เปราะ ยืดหยุ่น และแข็งแรง<br />\r\n&ndash; ช่วยรักษาแผลเป็น และแผลต่างๆให้หายเร็วขึ้น เช่น แผลสด แผลไฟไม้<br />\r\n&ndash; สามารถช่วยชลอความเสื่อมของร่างกาย เป็นสารต้านอนุมูลอิสระ และเป็นตัวสร้างคอลลาเจน<br />\r\n&ndash; มีสารต่อต้านโรคภูมิแพ้ สามารถบรรเทาอาการหอบหืดให้ดีขึ้นได้ บรรเทาอาการแพ้<br />\r\n&ndash; หากทานวิตามินซีร่วมกับ กรดแพนโทเธนิค (Pantothenic Acid) จะช่วยป้องกันอาการปวดไมเกรนได้<br />\r\n&ndash; ช่วยป้องกันและรักษา เลือดออกตามไรฟัน ลักปิดลักเปิด หรือแม้กระทั่งสามารถป้องกันหวัดได้<br />\r\n&ndash; ลดการอักเสบจากการติดเชื้อ<br />\r\n&ndash; หากรับประทานวิตามินซีร่วมกับวิตามินอี จะช่วยลดการเกาะตัวของไขมันที่ผนังเส้นเลือดได้<br />\r\n&ndash; ป้องกันโรคมะเร็ง โรคหัวใจ</p>\r\n\r\n<p><strong>โทษของวิตามินซี</strong><br />\r\n&ndash; ถึงแม้วิตามินซีเป็นวิตามินที่ร่างกายไม่สามารถเก็บกักไว้ใช้งานได้และหาก ได้รับวิตามินซีมากเกินไปก็จะถูกขับออกมาทางปัสสาวะก็ตาม แต่หากรับประทานวิตามินซีจำนวนมากติดต่อกันหลายวัน ก็อาจจะทำให้มีอาการท้องเสีย กระเพาะอาหารระคายเคืองได้<br />\r\n&ndash; หากร่างกายได้รับวิตามินซีในปริมาณมากจนเกินไป อาจนำไปสู่โรคเกาต์ได้ เนื่องจากวิตามินซีทำหน้าที่เพิ่มการดูดซึมธาตุเหล็ก ซึ่งจะส่งผลโดยตรงต่อการดูดซึมธาตุเหล็กตามข้อกระดูก<br />\r\n&ndash; มีอัตราความเสี่ยงเป็นโรคนิ่วในไตมากขึ้น<br />\r\n<br />\r\n<strong>Tip :</strong>&nbsp;ผักผลไม้ที่อุดมไปด้วยวิตามินซีในปริมาณสูงก็คือ พริกหวาน สีเขียว สีแดง กระหล่ำปลี กระหล่ำดอก มะเขือเทศ ผักใบเขียว บล็อคโคลี่ มันฝรั่ง มันเทศ สตอเบอรี่ ผลไม้ตระกูลส้ม</p>\r\n', 'ccc,ccc,ccc', 'ccc,ccc,ccc', 'ccc,ccc,ccc', 'c1', 'c2', 'c3', 'c4', 'c5');
INSERT INTO `ach_knowledge` (`id`, `type`, `img`, `topic`, `date`, `content`, `title_tag`, `meta_description`, `meta_keyword`, `og_url`, `og_type`, `og_title`, `og_description`, `og_image`) VALUES ('17', 'ภาพถ่าย', '29052017093506newscms_thaihealth_c_dgjnorswy127.jpg', 'เพิ่มไขมันดี', 'โพสเมื่อวันที่ 12 มกราคม 2560', '<p>เมื่ออายุเพิ่มตัวเลขคอเลสเตอรอลอาจจะทำให้คุณตกใจ แต่ใครบอกว่าไขมันเป็นตัวร้ายเสียทีเดียวคอเลสเตอรอลที่เรารู้จักยังย่อยไขมันออกเป็นสองแบบ คือไขมันชนิดดี (High-Density Lipoproteins หรือ HDL) และไขมันชนิดไม่ดี (Low-Density Lipoproteins หรือ LDL) แน่นอนว่าไขมันตัวร้ายจะทำให้เราเจ็บป่วยได้ เหมือนรถขนขยะที่นำของไปจำเป็นไปขวางทางเดินเลือด ไปเกาะกับเส้นเลือดทำให้มีการอักเสบ และการตีบตันของเส้นเลือดได้ ในขณะที่เจ้าไขมันชนิดดี จะช่วยป้องกันการเกาะของไขมันไม่ดี ดังนั้น ยิ่งมีไขมันชนิดดีมีสูง ยิ่งทำให้ลดความเสี่ยงที่ไขมันไม่ดีจะไปเกาะตามจุดสำคัญ เช่น หลอดเลือดหัวใจ หลอดเลือดสมอง เป็นต้น</p>\r\n\r\n<p><strong>พฤติกรรมที่จะสามารถเพิ่มระดับไขมันดีในเลือด นอกจากคุณจะต้องงดสูบบุหรี่ให้ได้ และออกกำลังกายแบบเป็นประจำ อย่างน้อย 150 นาทีต่อสัปดาห์ เช่น การเดินเร็ว การวิ่ง การปั่นจักรยาน ว่ายน้ำ หรือเล่นกีฬาที่ทำให้หัวใจเต้นเร็วขึ้นต่อเนื่องกัน 20 นาทีขึ้นไป สิ่งสำคัญที่มองข้ามไม่ได้คือ การกิน</strong></p>\r\n\r\n<p>การกินที่ควรหลีกเลี่ยง ซึ่งเป็นต้นเหตุของไขมันตัวร้าย คือ น้ำตาล แป้งขัดขาว อาหารประเภทผัด ทอด อาหารฟาสต์ฟู้ดที่มีไขมันทรานส์ที่อาจทำให้เส้นเลือดของคุณถูกทำลายมากขึ้น เปลี่ยนมาเป็นอาหารแบบต้ม นึ่ง ตุ๋น อบ ปิ้ง ย่าง เพิ่มเมนูที่มีไขมันที่ดีต่อสุขภาพทั้งแบบที่ร่างกายสร้างเองได้และสร้างเองไม่ได้ ซึ่งได้แก่ อะโวคาโด ธัญพืชโฮลเกรน เช่น ข้าวโอ้ต ถั่วต่างๆ เช่น วอลนัต อัลมอนด์ เพิ่มโอเมก้า 3 ปลาแซลมอน น้ำมันประกอบอาหาร เช่น น้ำมันมะกอก น้ำมันถั่วลิสง น้ำมันรำข้าว น้ำมันถั่วเหลือง น้ำมันดอกทานตะวัน น้ำมันข้าวโพด น้ำมันดอกคำฝอย ฯลฯ</p>\r\n\r\n<p><strong>ไขมันในอาหารเหล่านี้จะช่วยเพิ่มไขมันชนิดดีช่วยลดคอเลสเตอรอลชนิดที่ไม่ดี และยังดีต่อหัวใจด้วย ลดความเสี่ยงในการเกิดโรคหัวใจและหลอดเลือดอีกด้วย</strong></p>\r\n', 'bbb,bbb,bbb', 'bbb,bbb,bbb', 'bbb,bbb,bbb', 'b1', 'b2', 'b3', 'b4', 'b5');
INSERT INTO `ach_knowledge` (`id`, `type`, `img`, `topic`, `date`, `content`, `title_tag`, `meta_description`, `meta_keyword`, `og_url`, `og_type`, `og_title`, `og_description`, `og_image`) VALUES ('18', 'ภาพถ่าย', '29052017093615newscms_thaihealth_c_bdgikpqtuy29.jpg', 'รักสะอาดเกินไป เสี่ยงโรคซึมเศร้า', 'โพสเมื่อวันที่ 13 มกราคม 2560', '<p><strong>การรักความสะอาดนั้นไม่ใช่เรื่องผิด แต่การรักสะอาดจนเกินพอดี อาจทำให้คุณเสี่ยงต่อการป่วยด้วยโรคซึมเศร้าได้ &nbsp;เมื่อนักวิทยาศาสตร์พบว่า เมื่อภูมิคุ้มกันของร่างกายไม่ได้เจอหน้าศัตรูอย่างเชื้อโรคบ่อยเข้า จะมีผลต่อสมองในการผลิตสารความสุขอย่าง&nbsp;&quot;เซโรโทนิน&quot; (Serotonin)&nbsp;ให้ลดน้อยลงจนมนุษย์คนนั้นป่วยได้นั่นเอง</strong></p>\r\n\r\n<p>&nbsp;&nbsp;&nbsp;&nbsp;&nbsp;&nbsp; หันมองรอบตัวตอนนี้ เราแทบจะมีผลิตภัณฑ์ทำความสะอาดนับร้อยชนิดให้เลือกซื้อจากชั้นวางสินค้า โดยแทบทุกยี่ห้อระบุว่าสามารถทำความสะอาดได้อย่างหมดจด สามารถฆ่าเชื้อแบคทีเรียต่าง ๆ ได้จนเหมือนมีโถส้วม ห้องครัวใหม่ จนเราแทบจะบอกภูมิคุ้มกันของร่างกายได้เลยว่า &quot;เธอไม่ต้องออกโรงอีกแล้ว</p>\r\n\r\n<p>&nbsp;&nbsp;&nbsp;&nbsp;&nbsp;&nbsp; แต่ยิ่งทำความสะอาดมากขึ้น &nbsp;ก็ยิ่งมีคนป่วยด้วยโรคซึมเศร้ามากขึ้นนี่สิ ทำให้นักวิทยาศาสตร์สงสัย พร้อมอ้างอิงตัวเลขด้วยว่า ตัวเลขของการป่วยด้วยโรคซึมเศร้าของประชากรในประเทศแถบยุโรปนั้นทิ้งห่างกลุ่มประเทศยากจนลิบลับ ยกตัวอย่างเช่น อังกฤษ มีคนป่วยด้วยโรคซึมเศร้า 1 ใน 10 ส่วนประเทศไนจีเรีย ป่วยด้วยโรคซึมเศร้าเพียง 1 ใน 100 เท่านั้น ซึ่งนักวิจัยกลุ่มนี้อ้างว่า เป็นเพราะภูมิคุ้มกันของร่างกายของชาวยุโรปไม่ได้ทำหน้าที่ของตนเองอย่างที่ควรจะเป็น</p>\r\n\r\n<p>&nbsp;&nbsp;&nbsp;&nbsp;&nbsp;&nbsp;<strong>&nbsp;ดร.แอนดรูว์ มิลเลอร์</strong>&nbsp;หนึ่งในนักวิทยาศาสตร์ในทีมวิจัยระบุว่า &quot;เราเชื่อว่า ภูมิคุ้มกันของร่างกายคือตัวการของการเกิดโรคซึมเศร้า เมื่อมนุษย์เติบโตขึ้น ภูมิคุ้มกันก็พัฒนาตนเองไปพร้อม ๆ กัน หากภูมิคุ้มกันของร่างกายได้เจอกับแบคทีเรียและเชื้อโรคต่าง ๆ บ้าง ก็จะทำให้ภูมิคุ้มกันนั้นแข็งแกร่งมากขึ้น แต่ทุกวันนี้ ทุกสิ่งรอบตัวของมนุษย์ต้องสะอาดไปหมด ดังนั้น ภูมิคุ้มกันจึงไม่ค่อยได้พบกับเชื้อโรคหรือแบคทีเรียเท่าใดนัก และนั่นทำให้ระบบภูมิคุ้มกันของเราอ่อนแอ อีกทั้งยังส่งผลต่อประสิทธิภาพการทำงานของสมองในการผลิตสารที่สร้างความสุขให้กับร่างกายอย่าง &quot;Serotonin&quot; ซึ่งนั่นทำให้มนุษย์ป่วยด้วยโรคซึมเศร้าอีกด้วย</p>\r\n\r\n<p><strong>&nbsp;&nbsp; ถึงวันนี้อาจต้องยอมรับว่า สิ่งต่าง ๆ ที่ถูกสร้างมา โดยเฉพาะแบคทีเรียที่ถูกมองเป็นตัวร้าย ตัวการก่อโรคต่าง ๆ ให้กับมนุษย์นั้น มีภารกิจบางประการแอบซ่อนอยู่ และเป็นภารกิจที่เป็นประโยชน์ต่อมนุษย์ด้วยเช่นกัน เพราะแบคทีเรียบางชนิดก็จำเป็นสำหรับการสร้างภูมิต้านทานให้กับมนุษย์ หากขาดมันไป ก็อาจทำให้มนุษย์เราป่วยด้วยโรคต่าง ๆ ดังที่เป็นอยู่</strong></p>\r\n', 'aaa,aaa,aaa', 'aaa,aaa,aaa', 'aaa,aaa,aaa', 'a1', 'a2', 'a3', 'a4', '2405a39a1481d592f1bb8cca47cff9cd.jpg');


#
# TABLE STRUCTURE FOR: ach_main_info
#

DROP TABLE IF EXISTS `ach_main_info`;

CREATE TABLE `ach_main_info` (
  `id` int(11) NOT NULL AUTO_INCREMENT,
  `img_logo` varchar(255) NOT NULL,
  `content_under_logo` varchar(100) NOT NULL,
  `url_facebook` varchar(255) NOT NULL,
  `url_twitter` varchar(255) NOT NULL,
  `url_instagram` varchar(255) NOT NULL,
  `url_line` varchar(255) NOT NULL,
  `url_email` varchar(255) NOT NULL,
  `condition_course` longtext NOT NULL,
  `title_tag` varchar(100) NOT NULL,
  `meta_description` varchar(300) NOT NULL,
  `meta_keyword` varchar(300) NOT NULL,
  `og_url` varchar(255) NOT NULL,
  `og_type` varchar(255) NOT NULL,
  `og_title` varchar(255) NOT NULL,
  `og_description` varchar(255) NOT NULL,
  `og_image` varchar(255) NOT NULL,
  PRIMARY KEY (`id`)
) ENGINE=InnoDB AUTO_INCREMENT=2 DEFAULT CHARSET=utf8;

INSERT INTO `ach_main_info` (`id`, `img_logo`, `content_under_logo`, `url_facebook`, `url_twitter`, `url_instagram`, `url_line`, `url_email`, `condition_course`, `title_tag`, `meta_description`, `meta_keyword`, `og_url`, `og_type`, `og_title`, `og_description`, `og_image`) VALUES ('1', '26052017102044logo-compress.png', 'Unlimited Learning Opportunity', 'https://www.facebook.com/achancelearningbkk/', 'https://twitter.com/', 'https://www.instagram.com/', 'https://line.me/en/', 'http://www.gmail.com/', '<ul>\r\n	<li>กรุณาสมัครอย่างช้า 5 วันก่อนการอบรมการสำรองที่นั่งของท่านจะสมบูรณ์เมื่อโอนเงินแล้วเท่านั้น</li>\r\n	<li>กรุณาส่งโทรสารหลักฐานการโอนเงินพร้อมชื่อ เบอร์ติดต่อ และชื่อหลักสูตรมาที่ 02-933-0969 และกรุณานำเอกสารการโอนเงินตัวจริง มาในวันอบรม (กรณีมีการหักภาษี ณ ที่จ่าย กรุณานำหนังสือรับรองการหักภาษี ณ ที่จ่ายมาในวันอบรม)</li>\r\n	<li>ไม่รับสมัครหรือชำระเงินในวันอบรม</li>\r\n	<li>สถาบันฯ ขอสงวนสิทธิ์ในการคืนเงิน เปลี่ยนหลักสูตรหรือเปลี่ยนวันอบรม</li>\r\n	<li>กรณีที่ผู้สมัครไม่สามารถเข้าอบรมได้ สามารถให้ผู้อื่นเข้าอบรมแทนได้ โดยแจ้งให้สถาบันฯ ทราบล่วงหน้าอย่างน้อย 2 วันทำการแต่ไม่สามารถเปลี่ยนแปลงหลักสูตร และวันที่อบรมได้</li>\r\n	<li>สถาบันฯ ขอสงวนสิทธิ์ยกเลิกการจัดอบรมกรณีผู้เข้าอบรมไม่ถึงเกณฑ์</li>\r\n	<li>ผู้ติดตามกรุณารอนอกห้องอบรม</li>\r\n</ul>\r\n', 'achance.co.th', 'xxx,xxx,xxx', 'yyy,yyy,yyy', '1111111', 'article', '3333333333', '444444444', 'ce5381ab006249146f41299c2540358e.jpg');


#
# TABLE STRUCTURE FOR: ach_picture_slide
#

DROP TABLE IF EXISTS `ach_picture_slide`;

CREATE TABLE `ach_picture_slide` (
  `id` int(11) NOT NULL AUTO_INCREMENT,
  `img` varchar(255) NOT NULL,
  `ka` varchar(10) NOT NULL,
  PRIMARY KEY (`id`)
) ENGINE=InnoDB AUTO_INCREMENT=16 DEFAULT CHARSET=utf8;

INSERT INTO `ach_picture_slide` (`id`, `img`, `ka`) VALUES ('14', '01062017073930pic2.jpg', '');
INSERT INTO `ach_picture_slide` (`id`, `img`, `ka`) VALUES ('15', 'af26290ca4b8db13888b6d923d8906b6.jpg', '');


#
# TABLE STRUCTURE FOR: ach_testimonial
#

DROP TABLE IF EXISTS `ach_testimonial`;

CREATE TABLE `ach_testimonial` (
  `id` int(11) NOT NULL AUTO_INCREMENT,
  `pic_person` varchar(255) NOT NULL,
  `name` varchar(100) NOT NULL,
  `job` varchar(100) NOT NULL,
  `content` varchar(1000) NOT NULL,
  PRIMARY KEY (`id`)
) ENGINE=InnoDB AUTO_INCREMENT=10 DEFAULT CHARSET=utf8;

INSERT INTO `ach_testimonial` (`id`, `pic_person`, `name`, `job`, `content`) VALUES ('5', '29052017055829sfhg.jpg', 'นางสาว มารี ศรีประจักษ์', 'กราฟิคดีไซน์เนอร์', 'ได้รับข้อมูลที่เป็นประโยชน์อย่างครบถ้วน วิทยากรน่าสนใจ คอร์สที่เปิดอบรมก็น่าสนใจมาก ได้ลงมือปฏิบัติจริง ได้ไอเดียไว้ต่อยอดความรู้ต่างๆ วิทยากรอธิบายและตอบคำถามได้ดี เข้าใจง่าย สนุกกับบรรยากาศการสอน ประทับใจมากๆ');
INSERT INTO `ach_testimonial` (`id`, `pic_person`, `name`, `job`, `content`) VALUES ('6', '29052017055801wfsdf.jpg', 'นางสาว แตงโม น่ารักจัง', 'กราฟิคดีไซน์เนอร์', 'Lorem ipsum dolor sit amet, consectetur adipisicing elit. Suscipit explicabo cumque odit dolor doloremque vitae assumenda architecto, a laborum necessitatibus itaque eius, quo error, magni ipsum quis est porro dignissimos totam nisi facere sit, nulla ab? Error fugit excepturi velit.');
INSERT INTO `ach_testimonial` (`id`, `pic_person`, `name`, `job`, `content`) VALUES ('7', '29052017055733sDVFAD.jpg', 'นางสาว แกมม่า หน้าตาดี', 'programmer', 'Lorem ipsum dolor sit amet, consectetur adipisicing elit. Nisi sequi non soluta voluptas maxime officiis iusto.');
INSERT INTO `ach_testimonial` (`id`, `pic_person`, `name`, `job`, `content`) VALUES ('8', '290520170556222335.jpg', 'นางสาว นาตารี เสรีไทย', 'แม่บ้าน', 'เราได้ความรู้มาเยอะเลยเเหละ ถ้าใครถามเรื่องเรียนทำอาหาร เราจะแนะนำอาจารย์คนนี้เลย ฝีมือดีมาก ราคาคอร์สไม่เเพง ชั้นเรียนสอนทำอาหารที่ดีที่สุดใน กรุงเทพมหานคร (กทม.)');
INSERT INTO `ach_testimonial` (`id`, `pic_person`, `name`, `job`, `content`) VALUES ('9', '29052017060621myhome_8.jpg', 'คุณหญิง ณพัทร ศิริราชสีห์', 'CEO บริษัท เอช ดี เอช กรุ๊ป จำกัด', 'เรียนรู้จากคนรอบๆตัว ประกอบกับการเปิดตำราอาหารแล้วลองทำ หาคำตอบแล้วจดบันทึก จนได้มาอยู่ในครัวอาหารค่ำที่ทุกอย่างต้องสมบูรณ์แบบ ได้ทำงานกับเชฟอาหารฝรั่งเศสที่มีสไตล์อนุรักษ์นิยม หลังจากเจอกับประสบการณ์ที่หลากหลาย ผ่านสิ่งต่างๆมาช่วงหนึ่งของชีวิต บทเรียนสำหรับสิ่งเหล่านี้ ทำให้เขารู้สึกว่า “การทำอาหารก็เหมือนกับการเดินทาง ตรงที่ต้องใช้ทั้งแรงกาย แรงใจ แลกประสบการณ์ใหม่ๆ และยังมีสถานที่ แหล่งความรู้อีกมากมาย ที่รอให้เราเข้าไปค้นหา”');


#
# TABLE STRUCTURE FOR: admin_groups
#

DROP TABLE IF EXISTS `admin_groups`;

CREATE TABLE `admin_groups` (
  `id` mediumint(8) unsigned NOT NULL AUTO_INCREMENT,
  `name` varchar(20) NOT NULL,
  `description` varchar(100) NOT NULL,
  PRIMARY KEY (`id`)
) ENGINE=InnoDB AUTO_INCREMENT=5 DEFAULT CHARSET=utf8;

INSERT INTO `admin_groups` (`id`, `name`, `description`) VALUES ('1', 'webmaster', 'Webmaster');
INSERT INTO `admin_groups` (`id`, `name`, `description`) VALUES ('2', 'admin', 'Administrator');
INSERT INTO `admin_groups` (`id`, `name`, `description`) VALUES ('3', 'manager', 'Manager');
INSERT INTO `admin_groups` (`id`, `name`, `description`) VALUES ('4', 'staff', 'Staff');


#
# TABLE STRUCTURE FOR: admin_login_attempts
#

DROP TABLE IF EXISTS `admin_login_attempts`;

CREATE TABLE `admin_login_attempts` (
  `id` int(11) unsigned NOT NULL AUTO_INCREMENT,
  `ip_address` varchar(15) NOT NULL,
  `login` varchar(100) NOT NULL,
  `time` int(11) unsigned DEFAULT NULL,
  PRIMARY KEY (`id`)
) ENGINE=InnoDB DEFAULT CHARSET=utf8;

#
# TABLE STRUCTURE FOR: admin_users
#

DROP TABLE IF EXISTS `admin_users`;

CREATE TABLE `admin_users` (
  `id` int(11) unsigned NOT NULL AUTO_INCREMENT,
  `ip_address` varchar(15) NOT NULL,
  `username` varchar(100) DEFAULT NULL,
  `password` varchar(255) NOT NULL,
  `salt` varchar(255) DEFAULT NULL,
  `email` varchar(100) DEFAULT NULL,
  `activation_code` varchar(40) DEFAULT NULL,
  `forgotten_password_code` varchar(40) DEFAULT NULL,
  `forgotten_password_time` int(11) unsigned DEFAULT NULL,
  `remember_code` varchar(40) DEFAULT NULL,
  `created_on` int(11) unsigned NOT NULL,
  `last_login` int(11) unsigned DEFAULT NULL,
  `active` tinyint(1) unsigned DEFAULT NULL,
  `first_name` varchar(50) DEFAULT NULL,
  `last_name` varchar(50) DEFAULT NULL,
  PRIMARY KEY (`id`)
) ENGINE=InnoDB AUTO_INCREMENT=8 DEFAULT CHARSET=utf8;

INSERT INTO `admin_users` (`id`, `ip_address`, `username`, `password`, `salt`, `email`, `activation_code`, `forgotten_password_code`, `forgotten_password_time`, `remember_code`, `created_on`, `last_login`, `active`, `first_name`, `last_name`) VALUES ('1', '127.0.0.1', 'webmaster', '$2y$08$/X5gzWjesYi78GqeAv5tA.dVGBVP7C1e1PzqnYCVe5s1qhlDIPPES', NULL, NULL, NULL, NULL, NULL, NULL, '1451900190', '1497582462', '1', 'Webmaster', '');
INSERT INTO `admin_users` (`id`, `ip_address`, `username`, `password`, `salt`, `email`, `activation_code`, `forgotten_password_code`, `forgotten_password_time`, `remember_code`, `created_on`, `last_login`, `active`, `first_name`, `last_name`) VALUES ('2', '127.0.0.1', 'admin', '$2y$08$7Bkco6JXtC3Hu6g9ngLZDuHsFLvT7cyAxiz1FzxlX5vwccvRT7nKW', NULL, NULL, NULL, NULL, NULL, NULL, '1451900228', '1451903990', '1', 'Admin', '');
INSERT INTO `admin_users` (`id`, `ip_address`, `username`, `password`, `salt`, `email`, `activation_code`, `forgotten_password_code`, `forgotten_password_time`, `remember_code`, `created_on`, `last_login`, `active`, `first_name`, `last_name`) VALUES ('3', '127.0.0.1', 'manager', '$2y$08$snzIJdFXvg/rSHe0SndIAuvZyjktkjUxBXkrrGdkPy1K6r5r/dMLa', NULL, NULL, NULL, NULL, NULL, NULL, '1451900430', NULL, '1', 'Manager', '');
INSERT INTO `admin_users` (`id`, `ip_address`, `username`, `password`, `salt`, `email`, `activation_code`, `forgotten_password_code`, `forgotten_password_time`, `remember_code`, `created_on`, `last_login`, `active`, `first_name`, `last_name`) VALUES ('4', '127.0.0.1', 'staff', '$2y$08$NigAXjN23CRKllqe3KmjYuWXD5iSRPY812SijlhGeKfkrMKde9da6', NULL, NULL, NULL, NULL, NULL, NULL, '1451900439', NULL, '1', 'Staff', '');
INSERT INTO `admin_users` (`id`, `ip_address`, `username`, `password`, `salt`, `email`, `activation_code`, `forgotten_password_code`, `forgotten_password_time`, `remember_code`, `created_on`, `last_login`, `active`, `first_name`, `last_name`) VALUES ('5', '::1', 'mans1800', '$2y$08$sYJQBACqMLH983PqyiAPXe0I2pKANNP8n5z5AQCGFLdxWSiB06zE2', NULL, NULL, NULL, NULL, NULL, NULL, '1483603801', '1484020980', '1', 'Apirat', 'Pakakaew');
INSERT INTO `admin_users` (`id`, `ip_address`, `username`, `password`, `salt`, `email`, `activation_code`, `forgotten_password_code`, `forgotten_password_time`, `remember_code`, `created_on`, `last_login`, `active`, `first_name`, `last_name`) VALUES ('6', '::1', 'mans1900', '$2y$08$3bzbmRVk1jcVzFl8GXvAw.GxtYU4YJtn5nEHdrItkhMrom53JXoKC', NULL, NULL, NULL, NULL, NULL, NULL, '1483603891', '1483603917', '1', 'Apirat', 'Pakakaew');
INSERT INTO `admin_users` (`id`, `ip_address`, `username`, `password`, `salt`, `email`, `activation_code`, `forgotten_password_code`, `forgotten_password_time`, `remember_code`, `created_on`, `last_login`, `active`, `first_name`, `last_name`) VALUES ('7', '::1', 'mans1700', '$2y$08$YuSc2EaRrmMNlGx2drwZ7ubRBDnHxZuBLay0i3PW97pS0VegNONiK', NULL, NULL, NULL, NULL, NULL, NULL, '1483603909', '1483674195', '1', 'Apirat', 'Pakakaew');


#
# TABLE STRUCTURE FOR: admin_users_groups
#

DROP TABLE IF EXISTS `admin_users_groups`;

CREATE TABLE `admin_users_groups` (
  `id` int(11) unsigned NOT NULL AUTO_INCREMENT,
  `user_id` int(11) unsigned NOT NULL,
  `group_id` mediumint(8) unsigned NOT NULL,
  PRIMARY KEY (`id`)
) ENGINE=InnoDB AUTO_INCREMENT=8 DEFAULT CHARSET=utf8;

INSERT INTO `admin_users_groups` (`id`, `user_id`, `group_id`) VALUES ('1', '1', '1');
INSERT INTO `admin_users_groups` (`id`, `user_id`, `group_id`) VALUES ('2', '2', '2');
INSERT INTO `admin_users_groups` (`id`, `user_id`, `group_id`) VALUES ('3', '3', '3');
INSERT INTO `admin_users_groups` (`id`, `user_id`, `group_id`) VALUES ('4', '4', '4');
INSERT INTO `admin_users_groups` (`id`, `user_id`, `group_id`) VALUES ('5', '5', '2');
INSERT INTO `admin_users_groups` (`id`, `user_id`, `group_id`) VALUES ('6', '6', '3');
INSERT INTO `admin_users_groups` (`id`, `user_id`, `group_id`) VALUES ('7', '7', '4');


#
# TABLE STRUCTURE FOR: ci_sessions
#

DROP TABLE IF EXISTS `ci_sessions`;

CREATE TABLE `ci_sessions` (
  `id` varchar(128) NOT NULL,
  `ip_address` varchar(45) NOT NULL,
  `timestamp` int(10) unsigned NOT NULL DEFAULT '0',
  `data` blob NOT NULL,
  KEY `ci_sessions_timestamp` (`timestamp`)
) ENGINE=InnoDB DEFAULT CHARSET=utf8;

INSERT INTO `ci_sessions` (`id`, `ip_address`, `timestamp`, `data`) VALUES ('tqpls1g2aic0jrhfnl3pgao2f30cdo5n', '::1', '1497004664', '__ci_last_regenerate|i:1497004664;');
INSERT INTO `ci_sessions` (`id`, `ip_address`, `timestamp`, `data`) VALUES ('bqffd7rtitqgu0ab16kl7slv2vcid62t', '::1', '1497004730', '__ci_last_regenerate|i:1497004730;identity|s:9:\"webmaster\";username|s:9:\"webmaster\";email|N;user_id|s:1:\"1\";old_last_login|s:10:\"1496965521\";');
INSERT INTO `ci_sessions` (`id`, `ip_address`, `timestamp`, `data`) VALUES ('6atadtg0shbvha4raqpt26ld7t8epocl', '::1', '1497007013', '__ci_last_regenerate|i:1497007013;');
INSERT INTO `ci_sessions` (`id`, `ip_address`, `timestamp`, `data`) VALUES ('f41rpr5p50sujqpgp088hdcb9idlo8o4', '::1', '1497005048', '__ci_last_regenerate|i:1497005048;identity|s:9:\"webmaster\";username|s:9:\"webmaster\";email|N;user_id|s:1:\"1\";old_last_login|s:10:\"1496965521\";');
INSERT INTO `ci_sessions` (`id`, `ip_address`, `timestamp`, `data`) VALUES ('npsopk4ou4au0gum16vvcfpqvfkdi88g', '::1', '1497005568', '__ci_last_regenerate|i:1497005568;identity|s:9:\"webmaster\";username|s:9:\"webmaster\";email|N;user_id|s:1:\"1\";old_last_login|s:10:\"1496965521\";');
INSERT INTO `ci_sessions` (`id`, `ip_address`, `timestamp`, `data`) VALUES ('53s49qiqg2qrgn8c0an866h4ql5ci74f', '::1', '1497006005', '__ci_last_regenerate|i:1497006005;identity|s:9:\"webmaster\";username|s:9:\"webmaster\";email|N;user_id|s:1:\"1\";old_last_login|s:10:\"1496965521\";');
INSERT INTO `ci_sessions` (`id`, `ip_address`, `timestamp`, `data`) VALUES ('9fok1jlm182q09nbao2c5iuq9pjaku5t', '::1', '1497006438', '__ci_last_regenerate|i:1497006438;identity|s:9:\"webmaster\";username|s:9:\"webmaster\";email|N;user_id|s:1:\"1\";old_last_login|s:10:\"1496965521\";');
INSERT INTO `ci_sessions` (`id`, `ip_address`, `timestamp`, `data`) VALUES ('re7cj5tdshke400diqhbgbtbma97t0gm', '::1', '1497006805', '__ci_last_regenerate|i:1497006805;identity|s:9:\"webmaster\";username|s:9:\"webmaster\";email|N;user_id|s:1:\"1\";old_last_login|s:10:\"1496965521\";');
INSERT INTO `ci_sessions` (`id`, `ip_address`, `timestamp`, `data`) VALUES ('ndo2gr0q3an8s7lqm2d7iiqes8ohhiv9', '::1', '1497007132', '__ci_last_regenerate|i:1497007132;identity|s:9:\"webmaster\";username|s:9:\"webmaster\";email|N;user_id|s:1:\"1\";old_last_login|s:10:\"1496965521\";');
INSERT INTO `ci_sessions` (`id`, `ip_address`, `timestamp`, `data`) VALUES ('h7gvl91rgc7uu5rrvfdi427bvsbocl69', '::1', '1497008780', '__ci_last_regenerate|i:1497008780;');
INSERT INTO `ci_sessions` (`id`, `ip_address`, `timestamp`, `data`) VALUES ('nfvpkqa8tnvq4mvv8gfubijve30e95mp', '::1', '1497007525', '__ci_last_regenerate|i:1497007525;identity|s:9:\"webmaster\";username|s:9:\"webmaster\";email|N;user_id|s:1:\"1\";old_last_login|s:10:\"1496965521\";');
INSERT INTO `ci_sessions` (`id`, `ip_address`, `timestamp`, `data`) VALUES ('0tp55piot7hler5458j424vsbete39ie', '::1', '1497007830', '__ci_last_regenerate|i:1497007830;identity|s:9:\"webmaster\";username|s:9:\"webmaster\";email|N;user_id|s:1:\"1\";old_last_login|s:10:\"1496965521\";');
INSERT INTO `ci_sessions` (`id`, `ip_address`, `timestamp`, `data`) VALUES ('gq7cs73m8ee1h5tl1o5fgckp7jlmp8e6', '::1', '1497008143', '__ci_last_regenerate|i:1497008143;identity|s:9:\"webmaster\";username|s:9:\"webmaster\";email|N;user_id|s:1:\"1\";old_last_login|s:10:\"1496965521\";');
INSERT INTO `ci_sessions` (`id`, `ip_address`, `timestamp`, `data`) VALUES ('3h6v4r982ijurdkn90i25plk4t3e0kgg', '::1', '1497008459', '__ci_last_regenerate|i:1497008459;identity|s:9:\"webmaster\";username|s:9:\"webmaster\";email|N;user_id|s:1:\"1\";old_last_login|s:10:\"1496965521\";');
INSERT INTO `ci_sessions` (`id`, `ip_address`, `timestamp`, `data`) VALUES ('il46ultfovchp6bse5p6o0gkb38oo3aj', '::1', '1497009074', '__ci_last_regenerate|i:1497009074;identity|s:9:\"webmaster\";username|s:9:\"webmaster\";email|N;user_id|s:1:\"1\";old_last_login|s:10:\"1496965521\";');
INSERT INTO `ci_sessions` (`id`, `ip_address`, `timestamp`, `data`) VALUES ('tuehp8ctu64vf5iv3nmua6557tfi5u61', '::1', '1497008776', '__ci_last_regenerate|i:1497008773;identity|s:9:\"webmaster\";username|s:9:\"webmaster\";email|N;user_id|s:1:\"1\";old_last_login|s:10:\"1496965521\";');
INSERT INTO `ci_sessions` (`id`, `ip_address`, `timestamp`, `data`) VALUES ('30c0o5mkdupgohptm5jmpeu161b1qah9', '::1', '1497009090', '__ci_last_regenerate|i:1497009090;');
INSERT INTO `ci_sessions` (`id`, `ip_address`, `timestamp`, `data`) VALUES ('ijggsarva6vf0du4p8vkvo6hoaa66j1v', '::1', '1497009394', '__ci_last_regenerate|i:1497009394;identity|s:9:\"webmaster\";username|s:9:\"webmaster\";email|N;user_id|s:1:\"1\";old_last_login|s:10:\"1496965521\";');
INSERT INTO `ci_sessions` (`id`, `ip_address`, `timestamp`, `data`) VALUES ('tlp77epbgktlsc675qmhki6j6rksrr9v', '::1', '1497010416', '__ci_last_regenerate|i:1497010416;');
INSERT INTO `ci_sessions` (`id`, `ip_address`, `timestamp`, `data`) VALUES ('bqu8gb3n80klb7nm3j2v19icgtd6lrnr', '::1', '1497009705', '__ci_last_regenerate|i:1497009705;identity|s:9:\"webmaster\";username|s:9:\"webmaster\";email|N;user_id|s:1:\"1\";old_last_login|s:10:\"1496965521\";');
INSERT INTO `ci_sessions` (`id`, `ip_address`, `timestamp`, `data`) VALUES ('94c94sn9q9478d8i14lqdt88dmi17npb', '::1', '1497010019', '__ci_last_regenerate|i:1497010019;identity|s:9:\"webmaster\";username|s:9:\"webmaster\";email|N;user_id|s:1:\"1\";old_last_login|s:10:\"1496965521\";');
INSERT INTO `ci_sessions` (`id`, `ip_address`, `timestamp`, `data`) VALUES ('cpl210uhop90dcomedkp2iqso5vjcq1f', '::1', '1497010362', '__ci_last_regenerate|i:1497010362;identity|s:9:\"webmaster\";username|s:9:\"webmaster\";email|N;user_id|s:1:\"1\";old_last_login|s:10:\"1496965521\";');
INSERT INTO `ci_sessions` (`id`, `ip_address`, `timestamp`, `data`) VALUES ('lpdlabd6jlncb77lrjdevmi08ttaasnb', '::1', '1497010718', '__ci_last_regenerate|i:1497010718;identity|s:9:\"webmaster\";username|s:9:\"webmaster\";email|N;user_id|s:1:\"1\";old_last_login|s:10:\"1496965521\";');
INSERT INTO `ci_sessions` (`id`, `ip_address`, `timestamp`, `data`) VALUES ('0ncdd7ch1uf5ob1eouta4ei8p3fakd8g', '::1', '1497010921', '__ci_last_regenerate|i:1497010921;');
INSERT INTO `ci_sessions` (`id`, `ip_address`, `timestamp`, `data`) VALUES ('iiif3u2so1dbuj09fv852btr14808gim', '::1', '1497011342', '__ci_last_regenerate|i:1497011342;identity|s:9:\"webmaster\";username|s:9:\"webmaster\";email|N;user_id|s:1:\"1\";old_last_login|s:10:\"1496965521\";');
INSERT INTO `ci_sessions` (`id`, `ip_address`, `timestamp`, `data`) VALUES ('aojvkousdjr7unecs7su3387mlivbvm9', '::1', '1497011555', '__ci_last_regenerate|i:1497011555;');
INSERT INTO `ci_sessions` (`id`, `ip_address`, `timestamp`, `data`) VALUES ('7bbvbjhbis1up7pp5m19opp24i5b74nk', '::1', '1497011037', '__ci_last_regenerate|i:1497011037;identity|s:9:\"webmaster\";username|s:9:\"webmaster\";email|N;user_id|s:1:\"1\";old_last_login|s:10:\"1496965521\";');
INSERT INTO `ci_sessions` (`id`, `ip_address`, `timestamp`, `data`) VALUES ('iiv7179h9om3m7ii687pjqvafnbo4o4n', '::1', '1497012066', '__ci_last_regenerate|i:1497012066;identity|s:9:\"webmaster\";username|s:9:\"webmaster\";email|N;user_id|s:1:\"1\";old_last_login|s:10:\"1496965521\";');
INSERT INTO `ci_sessions` (`id`, `ip_address`, `timestamp`, `data`) VALUES ('u7uh245ouv8m4g25mtdnht3d1bhshaej', '::1', '1497013450', '__ci_last_regenerate|i:1497013450;');
INSERT INTO `ci_sessions` (`id`, `ip_address`, `timestamp`, `data`) VALUES ('eg5kmm6kmkonb24t79glfach35731bov', '::1', '1497012547', '__ci_last_regenerate|i:1497012547;identity|s:9:\"webmaster\";username|s:9:\"webmaster\";email|N;user_id|s:1:\"1\";old_last_login|s:10:\"1496965521\";');
INSERT INTO `ci_sessions` (`id`, `ip_address`, `timestamp`, `data`) VALUES ('hrpcppniphnr9jql3j1d8bn7pghlk3f1', '::1', '1497013018', '__ci_last_regenerate|i:1497013018;identity|s:9:\"webmaster\";username|s:9:\"webmaster\";email|N;user_id|s:1:\"1\";old_last_login|s:10:\"1496965521\";');
INSERT INTO `ci_sessions` (`id`, `ip_address`, `timestamp`, `data`) VALUES ('gdf32moidgr2qs86aun7n4km6jm3r7t5', '::1', '1497013419', '__ci_last_regenerate|i:1497013419;identity|s:9:\"webmaster\";username|s:9:\"webmaster\";email|N;user_id|s:1:\"1\";old_last_login|s:10:\"1496965521\";');
INSERT INTO `ci_sessions` (`id`, `ip_address`, `timestamp`, `data`) VALUES ('v145o8n0sp70rqf2ltlvo2beg48eagba', '::1', '1497013786', '__ci_last_regenerate|i:1497013786;identity|s:9:\"webmaster\";username|s:9:\"webmaster\";email|N;user_id|s:1:\"1\";old_last_login|s:10:\"1496965521\";');
INSERT INTO `ci_sessions` (`id`, `ip_address`, `timestamp`, `data`) VALUES ('qf69mctekge1r6gf4o8hj6lvcgfdltot', '::1', '1497013799', '__ci_last_regenerate|i:1497013799;');
INSERT INTO `ci_sessions` (`id`, `ip_address`, `timestamp`, `data`) VALUES ('ard9ka0e4e0d8hgfvkjigccfttct8u4h', '::1', '1497014205', '__ci_last_regenerate|i:1497014205;identity|s:9:\"webmaster\";username|s:9:\"webmaster\";email|N;user_id|s:1:\"1\";old_last_login|s:10:\"1496965521\";');
INSERT INTO `ci_sessions` (`id`, `ip_address`, `timestamp`, `data`) VALUES ('ov19jaaf5f97eb639a79db6fbkv43fdd', '::1', '1497014891', '__ci_last_regenerate|i:1497014891;');
INSERT INTO `ci_sessions` (`id`, `ip_address`, `timestamp`, `data`) VALUES ('c99r2hhg37s62075cj28ujg0hitv7orj', '::1', '1497014507', '__ci_last_regenerate|i:1497014507;identity|s:9:\"webmaster\";username|s:9:\"webmaster\";email|N;user_id|s:1:\"1\";old_last_login|s:10:\"1496965521\";');
INSERT INTO `ci_sessions` (`id`, `ip_address`, `timestamp`, `data`) VALUES ('63e6ak1qah2k1dbnc5c99dif1mlmasgq', '::1', '1497014844', '__ci_last_regenerate|i:1497014844;identity|s:9:\"webmaster\";username|s:9:\"webmaster\";email|N;user_id|s:1:\"1\";old_last_login|s:10:\"1496965521\";');
INSERT INTO `ci_sessions` (`id`, `ip_address`, `timestamp`, `data`) VALUES ('re1ah3ru7fmvctmb7ptna6aodp6dio67', '::1', '1497015158', '__ci_last_regenerate|i:1497015158;identity|s:9:\"webmaster\";username|s:9:\"webmaster\";email|N;user_id|s:1:\"1\";old_last_login|s:10:\"1496965521\";');
INSERT INTO `ci_sessions` (`id`, `ip_address`, `timestamp`, `data`) VALUES ('mlq4fqfrmt2krmgca8t8q127m3mrrhj9', '::1', '1497016037', '__ci_last_regenerate|i:1497016037;');
INSERT INTO `ci_sessions` (`id`, `ip_address`, `timestamp`, `data`) VALUES ('k0o4jusbse51qr3prk2mr4k80h7v4uv5', '::1', '1497015513', '__ci_last_regenerate|i:1497015513;identity|s:9:\"webmaster\";username|s:9:\"webmaster\";email|N;user_id|s:1:\"1\";old_last_login|s:10:\"1496965521\";');
INSERT INTO `ci_sessions` (`id`, `ip_address`, `timestamp`, `data`) VALUES ('r3fio2o8jp6jh0kof2972g9p8sus6h31', '::1', '1497015825', '__ci_last_regenerate|i:1497015825;identity|s:9:\"webmaster\";username|s:9:\"webmaster\";email|N;user_id|s:1:\"1\";old_last_login|s:10:\"1496965521\";');
INSERT INTO `ci_sessions` (`id`, `ip_address`, `timestamp`, `data`) VALUES ('2idtjikbhlpd2nevo979jia526hg23l2', '::1', '1497016133', '__ci_last_regenerate|i:1497016133;identity|s:9:\"webmaster\";username|s:9:\"webmaster\";email|N;user_id|s:1:\"1\";old_last_login|s:10:\"1496965521\";');
INSERT INTO `ci_sessions` (`id`, `ip_address`, `timestamp`, `data`) VALUES ('mlooeb9s39d9b25ih0pvl3hdt876aequ', '::1', '1497016463', '__ci_last_regenerate|i:1497016463;');
INSERT INTO `ci_sessions` (`id`, `ip_address`, `timestamp`, `data`) VALUES ('h601an12p6mtsit7s9k8iciegni6satm', '::1', '1497016447', '__ci_last_regenerate|i:1497016447;identity|s:9:\"webmaster\";username|s:9:\"webmaster\";email|N;user_id|s:1:\"1\";old_last_login|s:10:\"1496965521\";');
INSERT INTO `ci_sessions` (`id`, `ip_address`, `timestamp`, `data`) VALUES ('3g7sp7qk9ase0as1u5jeqdac4ck010u6', '::1', '1497016453', '__ci_last_regenerate|i:1497016447;identity|s:9:\"webmaster\";username|s:9:\"webmaster\";email|N;user_id|s:1:\"1\";old_last_login|s:10:\"1496965521\";');
INSERT INTO `ci_sessions` (`id`, `ip_address`, `timestamp`, `data`) VALUES ('2jqbrqahegfs33tk631ur0rm43bn23v0', '::1', '1497017024', '__ci_last_regenerate|i:1497017024;');
INSERT INTO `ci_sessions` (`id`, `ip_address`, `timestamp`, `data`) VALUES ('ssu06ghtsgmml43g49v4eqnjopgfrfi7', '::1', '1497017026', '__ci_last_regenerate|i:1497017024;');
INSERT INTO `ci_sessions` (`id`, `ip_address`, `timestamp`, `data`) VALUES ('jcvebkn0ir7s85enn1v61an9kvo6pnqu', '::1', '1497055933', '__ci_last_regenerate|i:1497055906;identity|s:9:\"webmaster\";username|s:9:\"webmaster\";email|N;user_id|s:1:\"1\";old_last_login|s:10:\"1496995113\";system_messages|a:2:{s:7:\"success\";a:1:{i:0;s:29:\"<p>Logged In Successfully</p>\";}s:5:\"error\";a:0:{}}__ci_vars|a:1:{s:15:\"system_messages\";s:3:\"old\";}');
INSERT INTO `ci_sessions` (`id`, `ip_address`, `timestamp`, `data`) VALUES ('o7il6ir2smu7jvqp4ndrkaeuhur8hi8l', '::1', '1497235050', '__ci_last_regenerate|i:1497235050;');
INSERT INTO `ci_sessions` (`id`, `ip_address`, `timestamp`, `data`) VALUES ('4evst7vmgedjio77f9u0lgq4u3kto71a', '::1', '1497234238', '__ci_last_regenerate|i:1497234238;identity|s:9:\"webmaster\";username|s:9:\"webmaster\";email|N;user_id|s:1:\"1\";old_last_login|s:10:\"1497055932\";');
INSERT INTO `ci_sessions` (`id`, `ip_address`, `timestamp`, `data`) VALUES ('4janfiiigpqrm3h56r2b8sma5rjfmhjl', '::1', '1497234567', '__ci_last_regenerate|i:1497234567;identity|s:9:\"webmaster\";username|s:9:\"webmaster\";email|N;user_id|s:1:\"1\";old_last_login|s:10:\"1497055932\";');
INSERT INTO `ci_sessions` (`id`, `ip_address`, `timestamp`, `data`) VALUES ('pficduhs9i88d6dm45nuiebsugac9bhv', '::1', '1497234868', '__ci_last_regenerate|i:1497234868;identity|s:9:\"webmaster\";username|s:9:\"webmaster\";email|N;user_id|s:1:\"1\";old_last_login|s:10:\"1497055932\";');
INSERT INTO `ci_sessions` (`id`, `ip_address`, `timestamp`, `data`) VALUES ('p5akmn9pmgd80plhcc1iubrir2vrpaeg', '::1', '1497235169', '__ci_last_regenerate|i:1497235169;identity|s:9:\"webmaster\";username|s:9:\"webmaster\";email|N;user_id|s:1:\"1\";old_last_login|s:10:\"1497055932\";');
INSERT INTO `ci_sessions` (`id`, `ip_address`, `timestamp`, `data`) VALUES ('bk88ueggtum72jr7phoqapaerlvnpqgk', '::1', '1497235907', '__ci_last_regenerate|i:1497235907;');
INSERT INTO `ci_sessions` (`id`, `ip_address`, `timestamp`, `data`) VALUES ('cuovu7ni0vcojj8a7lr42ouoidq8cj9j', '::1', '1497237924', '__ci_last_regenerate|i:1497237924;identity|s:9:\"webmaster\";username|s:9:\"webmaster\";email|N;user_id|s:1:\"1\";old_last_login|s:10:\"1497055932\";');
INSERT INTO `ci_sessions` (`id`, `ip_address`, `timestamp`, `data`) VALUES ('5bkca9sraq65hluh2m4m3n16ajn498gp', '::1', '1497236343', '__ci_last_regenerate|i:1497236343;');
INSERT INTO `ci_sessions` (`id`, `ip_address`, `timestamp`, `data`) VALUES ('5nugkbhheh4b9t5imh10v36dsduhs7c9', '::1', '1497236848', '__ci_last_regenerate|i:1497236848;');
INSERT INTO `ci_sessions` (`id`, `ip_address`, `timestamp`, `data`) VALUES ('tag7pafoo2j791hne81dt2ce13u5kd17', '::1', '1497237466', '__ci_last_regenerate|i:1497237466;');
INSERT INTO `ci_sessions` (`id`, `ip_address`, `timestamp`, `data`) VALUES ('69902t044cu8oc2fvvrbm2iqmp55jkrl', '::1', '1497237796', '__ci_last_regenerate|i:1497237796;');
INSERT INTO `ci_sessions` (`id`, `ip_address`, `timestamp`, `data`) VALUES ('r459cl9pqtmkd8lbresjuds7ndkao3j0', '::1', '1497238113', '__ci_last_regenerate|i:1497238113;');
INSERT INTO `ci_sessions` (`id`, `ip_address`, `timestamp`, `data`) VALUES ('6i4q81851gk8korb7p4agfenbnatkqc8', '::1', '1497238377', '__ci_last_regenerate|i:1497238377;identity|s:9:\"webmaster\";username|s:9:\"webmaster\";email|N;user_id|s:1:\"1\";old_last_login|s:10:\"1497055932\";');
INSERT INTO `ci_sessions` (`id`, `ip_address`, `timestamp`, `data`) VALUES ('d2jagjpbkp3v72qg2ie40g3tvvsg4o5c', '::1', '1497239908', '__ci_last_regenerate|i:1497239908;');
INSERT INTO `ci_sessions` (`id`, `ip_address`, `timestamp`, `data`) VALUES ('hl2digdm8m8soa6od6dpor8hd2c1dfbb', '::1', '1497239394', '__ci_last_regenerate|i:1497239394;identity|s:9:\"webmaster\";username|s:9:\"webmaster\";email|N;user_id|s:1:\"1\";old_last_login|s:10:\"1497055932\";');
INSERT INTO `ci_sessions` (`id`, `ip_address`, `timestamp`, `data`) VALUES ('647g3d32i3lh0fsjc6u55o4jv5od0abj', '::1', '1497239711', '__ci_last_regenerate|i:1497239711;identity|s:9:\"webmaster\";username|s:9:\"webmaster\";email|N;user_id|s:1:\"1\";old_last_login|s:10:\"1497055932\";');
INSERT INTO `ci_sessions` (`id`, `ip_address`, `timestamp`, `data`) VALUES ('4f44rm9g9hv25c5r4i1e6sdmlf300sip', '::1', '1497240069', '__ci_last_regenerate|i:1497240069;identity|s:9:\"webmaster\";username|s:9:\"webmaster\";email|N;user_id|s:1:\"1\";old_last_login|s:10:\"1497055932\";');
INSERT INTO `ci_sessions` (`id`, `ip_address`, `timestamp`, `data`) VALUES ('af7qkpbs5v4mlg9ih27uj9ai1pn79cv7', '::1', '1497240209', '__ci_last_regenerate|i:1497240209;');
INSERT INTO `ci_sessions` (`id`, `ip_address`, `timestamp`, `data`) VALUES ('9gfh1nl6noctnf66stpk0lbumavpo5gv', '::1', '1497240724', '__ci_last_regenerate|i:1497240724;identity|s:9:\"webmaster\";username|s:9:\"webmaster\";email|N;user_id|s:1:\"1\";old_last_login|s:10:\"1497055932\";');
INSERT INTO `ci_sessions` (`id`, `ip_address`, `timestamp`, `data`) VALUES ('mgg1n92nro9o3t4ea4fh383325ju99rr', '::1', '1497240717', '__ci_last_regenerate|i:1497240717;');
INSERT INTO `ci_sessions` (`id`, `ip_address`, `timestamp`, `data`) VALUES ('27m14nn6327cgpgcr7lrpcht7p834nvj', '::1', '1497244266', '__ci_last_regenerate|i:1497244266;');
INSERT INTO `ci_sessions` (`id`, `ip_address`, `timestamp`, `data`) VALUES ('5b6ur282oi7463e9b7iam73l3j9ivb5i', '::1', '1497244271', '__ci_last_regenerate|i:1497244271;identity|s:9:\"webmaster\";username|s:9:\"webmaster\";email|N;user_id|s:1:\"1\";old_last_login|s:10:\"1497055932\";');
INSERT INTO `ci_sessions` (`id`, `ip_address`, `timestamp`, `data`) VALUES ('nqn9qd4639h08c2lpfvun4h6mfqplpmn', '::1', '1497244787', '__ci_last_regenerate|i:1497244787;');
INSERT INTO `ci_sessions` (`id`, `ip_address`, `timestamp`, `data`) VALUES ('uda09oeuj9uhsul5pno575f9l6h8h2lf', '::1', '1497244577', '__ci_last_regenerate|i:1497244577;identity|s:9:\"webmaster\";username|s:9:\"webmaster\";email|N;user_id|s:1:\"1\";old_last_login|s:10:\"1497055932\";');
INSERT INTO `ci_sessions` (`id`, `ip_address`, `timestamp`, `data`) VALUES ('1nnj6o3bf0ap5aoes1ato65cj6bo1rb6', '::1', '1497245044', '__ci_last_regenerate|i:1497245044;identity|s:9:\"webmaster\";username|s:9:\"webmaster\";email|N;user_id|s:1:\"1\";old_last_login|s:10:\"1497055932\";');
INSERT INTO `ci_sessions` (`id`, `ip_address`, `timestamp`, `data`) VALUES ('kia0l60bao52sb14hv6n7q4jjo4l6na8', '::1', '1497245252', '__ci_last_regenerate|i:1497245252;');
INSERT INTO `ci_sessions` (`id`, `ip_address`, `timestamp`, `data`) VALUES ('6f1t8pue93rdgk4o8djktu594hl7fgcv', '::1', '1497245351', '__ci_last_regenerate|i:1497245351;identity|s:9:\"webmaster\";username|s:9:\"webmaster\";email|N;user_id|s:1:\"1\";old_last_login|s:10:\"1497055932\";');
INSERT INTO `ci_sessions` (`id`, `ip_address`, `timestamp`, `data`) VALUES ('e2i7rt9psk3ebrptupn74qo89829e01s', '::1', '1497245594', '__ci_last_regenerate|i:1497245594;');
INSERT INTO `ci_sessions` (`id`, `ip_address`, `timestamp`, `data`) VALUES ('ncffjq1ep3nnk5fbprc6i555ekunit1e', '::1', '1497245903', '__ci_last_regenerate|i:1497245903;identity|s:9:\"webmaster\";username|s:9:\"webmaster\";email|N;user_id|s:1:\"1\";old_last_login|s:10:\"1497055932\";');
INSERT INTO `ci_sessions` (`id`, `ip_address`, `timestamp`, `data`) VALUES ('42kb70mf8gfu1nv0jkonc3gr67c7ts2k', '::1', '1497245594', '__ci_last_regenerate|i:1497245594;');
INSERT INTO `ci_sessions` (`id`, `ip_address`, `timestamp`, `data`) VALUES ('4182ok6m0085albhv4ib1n6mij9s1v9l', '::1', '1497245907', '__ci_last_regenerate|i:1497245903;identity|s:9:\"webmaster\";username|s:9:\"webmaster\";email|N;user_id|s:1:\"1\";old_last_login|s:10:\"1497055932\";');
INSERT INTO `ci_sessions` (`id`, `ip_address`, `timestamp`, `data`) VALUES ('ndnuc3ekp4aqqjbbvo399m1n538tpp66', '::1', '1497255895', '__ci_last_regenerate|i:1497255895;identity|s:9:\"webmaster\";username|s:9:\"webmaster\";email|N;user_id|s:1:\"1\";old_last_login|s:10:\"1497233834\";');
INSERT INTO `ci_sessions` (`id`, `ip_address`, `timestamp`, `data`) VALUES ('71lmei8joktp814ibl801imck3sl3ej7', '::1', '1497255630', '__ci_last_regenerate|i:1497255630;');
INSERT INTO `ci_sessions` (`id`, `ip_address`, `timestamp`, `data`) VALUES ('rcesq6fl3p2ajoovpacdq5fgoqc0iqpo', '::1', '1497255630', '__ci_last_regenerate|i:1497255630;');
INSERT INTO `ci_sessions` (`id`, `ip_address`, `timestamp`, `data`) VALUES ('n0r5pdigk7e84t51jc0cgh4keggofglg', '::1', '1497255630', '__ci_last_regenerate|i:1497255630;');
INSERT INTO `ci_sessions` (`id`, `ip_address`, `timestamp`, `data`) VALUES ('a4d3sb44kdcvk409kipf59cb2belh269', '::1', '1497256593', '__ci_last_regenerate|i:1497256593;');
INSERT INTO `ci_sessions` (`id`, `ip_address`, `timestamp`, `data`) VALUES ('cll40iosto9vm0jvn949bbmivf2frse3', '::1', '1497256558', '__ci_last_regenerate|i:1497256558;identity|s:9:\"webmaster\";username|s:9:\"webmaster\";email|N;user_id|s:1:\"1\";old_last_login|s:10:\"1497233834\";');
INSERT INTO `ci_sessions` (`id`, `ip_address`, `timestamp`, `data`) VALUES ('b982m2v818jni5hu57mo1gpp39s0fp6p', '::1', '1497257053', '__ci_last_regenerate|i:1497257053;identity|s:9:\"webmaster\";username|s:9:\"webmaster\";email|N;user_id|s:1:\"1\";old_last_login|s:10:\"1497233834\";');
INSERT INTO `ci_sessions` (`id`, `ip_address`, `timestamp`, `data`) VALUES ('8a3m946gfp2s68fn60sq2tmga5qtar5d', '::1', '1497257044', '__ci_last_regenerate|i:1497257044;');
INSERT INTO `ci_sessions` (`id`, `ip_address`, `timestamp`, `data`) VALUES ('qq6mqlpmpd79a5817qjffj4bc77vov8a', '::1', '1497258613', '__ci_last_regenerate|i:1497258613;');
INSERT INTO `ci_sessions` (`id`, `ip_address`, `timestamp`, `data`) VALUES ('umbtnmu3om2vqfilg24cu4t3kva7o6hq', '::1', '1497257520', '__ci_last_regenerate|i:1497257520;identity|s:9:\"webmaster\";username|s:9:\"webmaster\";email|N;user_id|s:1:\"1\";old_last_login|s:10:\"1497233834\";');
INSERT INTO `ci_sessions` (`id`, `ip_address`, `timestamp`, `data`) VALUES ('dncn4sml43sce8f6og1k5cbp1hr35mc5', '::1', '1497259106', '__ci_last_regenerate|i:1497259106;identity|s:9:\"webmaster\";username|s:9:\"webmaster\";email|N;user_id|s:1:\"1\";old_last_login|s:10:\"1497233834\";');
INSERT INTO `ci_sessions` (`id`, `ip_address`, `timestamp`, `data`) VALUES ('qqq8srf67ld69ndttl044hguo7srfl7h', '::1', '1497259067', '__ci_last_regenerate|i:1497259067;');
INSERT INTO `ci_sessions` (`id`, `ip_address`, `timestamp`, `data`) VALUES ('n81npqt3062h3456lihnm3ta4r7gcl1p', '::1', '1497259991', '__ci_last_regenerate|i:1497259991;');
INSERT INTO `ci_sessions` (`id`, `ip_address`, `timestamp`, `data`) VALUES ('qiingpm0n653t10ma7mfcbd1ivcai2fi', '::1', '1497261416', '__ci_last_regenerate|i:1497261416;identity|s:9:\"webmaster\";username|s:9:\"webmaster\";email|N;user_id|s:1:\"1\";old_last_login|s:10:\"1497233834\";');
INSERT INTO `ci_sessions` (`id`, `ip_address`, `timestamp`, `data`) VALUES ('mg6dc17v5arl6r1m235urj5dtp2tbt2t', '::1', '1497261379', '__ci_last_regenerate|i:1497261379;');
INSERT INTO `ci_sessions` (`id`, `ip_address`, `timestamp`, `data`) VALUES ('o2ftqqok26cen623t3eck3v76jm2cfqt', '::1', '1497262852', '__ci_last_regenerate|i:1497262852;');
INSERT INTO `ci_sessions` (`id`, `ip_address`, `timestamp`, `data`) VALUES ('o37h1cc76c4m9iqt1kgflsij9j8ndvr3', '::1', '1497262223', '__ci_last_regenerate|i:1497262223;identity|s:9:\"webmaster\";username|s:9:\"webmaster\";email|N;user_id|s:1:\"1\";old_last_login|s:10:\"1497233834\";');
INSERT INTO `ci_sessions` (`id`, `ip_address`, `timestamp`, `data`) VALUES ('26cpudh9rm77nk9nqpcis84c3hsj6ch0', '::1', '1497262850', '__ci_last_regenerate|i:1497262850;identity|s:9:\"webmaster\";username|s:9:\"webmaster\";email|N;user_id|s:1:\"1\";old_last_login|s:10:\"1497233834\";');
INSERT INTO `ci_sessions` (`id`, `ip_address`, `timestamp`, `data`) VALUES ('8i8tdv0j120qq55o2qsf7r35efd54vvv', '::1', '1497263492', '__ci_last_regenerate|i:1497263492;identity|s:9:\"webmaster\";username|s:9:\"webmaster\";email|N;user_id|s:1:\"1\";old_last_login|s:10:\"1497233834\";');
INSERT INTO `ci_sessions` (`id`, `ip_address`, `timestamp`, `data`) VALUES ('4nh2rr7f1n2lea1n7aatkq71skme0d15', '::1', '1497263240', '__ci_last_regenerate|i:1497263240;');
INSERT INTO `ci_sessions` (`id`, `ip_address`, `timestamp`, `data`) VALUES ('ibn7tk898s7ri36t73bukicgh3oad2tj', '::1', '1497263850', '__ci_last_regenerate|i:1497263850;');
INSERT INTO `ci_sessions` (`id`, `ip_address`, `timestamp`, `data`) VALUES ('0uil0se9bujsk4t4tum17sql90tnr597', '::1', '1497264203', '__ci_last_regenerate|i:1497264203;identity|s:9:\"webmaster\";username|s:9:\"webmaster\";email|N;user_id|s:1:\"1\";old_last_login|s:10:\"1497233834\";');
INSERT INTO `ci_sessions` (`id`, `ip_address`, `timestamp`, `data`) VALUES ('7vnso7ilrstgbmrq4cj36fcts36g2iot', '::1', '1497264164', '__ci_last_regenerate|i:1497264164;');
INSERT INTO `ci_sessions` (`id`, `ip_address`, `timestamp`, `data`) VALUES ('tr38rjf47c117rvlaejd1auo0m2dg06g', '::1', '1497264617', '__ci_last_regenerate|i:1497264617;');
INSERT INTO `ci_sessions` (`id`, `ip_address`, `timestamp`, `data`) VALUES ('tdnpq8jfoablv2lb3figf6535mbtsh7e', '::1', '1497264203', '__ci_last_regenerate|i:1497264203;identity|s:9:\"webmaster\";username|s:9:\"webmaster\";email|N;user_id|s:1:\"1\";old_last_login|s:10:\"1497233834\";');
INSERT INTO `ci_sessions` (`id`, `ip_address`, `timestamp`, `data`) VALUES ('cjmpunm4gcbqgf0f8dmnptovql323no6', '::1', '1497265009', '__ci_last_regenerate|i:1497265009;');
INSERT INTO `ci_sessions` (`id`, `ip_address`, `timestamp`, `data`) VALUES ('9eg11bek6nrbcp11aikult2lsifh726j', '::1', '1497265010', '__ci_last_regenerate|i:1497265009;');
INSERT INTO `ci_sessions` (`id`, `ip_address`, `timestamp`, `data`) VALUES ('4j00greghthftnoff5vq22eg6ig7n7pp', '::1', '1497346109', '__ci_last_regenerate|i:1497346109;');
INSERT INTO `ci_sessions` (`id`, `ip_address`, `timestamp`, `data`) VALUES ('1iegnd7rudjo08h0jlna9cp0mo6soud5', '::1', '1497345957', '__ci_last_regenerate|i:1497345957;identity|s:9:\"webmaster\";username|s:9:\"webmaster\";email|N;user_id|s:1:\"1\";old_last_login|s:10:\"1497255594\";');
INSERT INTO `ci_sessions` (`id`, `ip_address`, `timestamp`, `data`) VALUES ('kd2qqm64nrii2vignico6igmnm2nl1a6', '::1', '1497346119', '__ci_last_regenerate|i:1497345957;identity|s:9:\"webmaster\";username|s:9:\"webmaster\";email|N;user_id|s:1:\"1\";old_last_login|s:10:\"1497255594\";');
INSERT INTO `ci_sessions` (`id`, `ip_address`, `timestamp`, `data`) VALUES ('ogpl15d5tj124htv4dkt88t3l5dcqlla', '::1', '1497346109', '__ci_last_regenerate|i:1497346109;');
INSERT INTO `ci_sessions` (`id`, `ip_address`, `timestamp`, `data`) VALUES ('a541gt5sab54q5c25sre9d5v1p1tgs6i', '::1', '1497349627', '__ci_last_regenerate|i:1497349627;');
INSERT INTO `ci_sessions` (`id`, `ip_address`, `timestamp`, `data`) VALUES ('r4rdu525b8p3bc6dsnl7r6h0mgqvj5rr', '::1', '1497519041', '__ci_last_regenerate|i:1497519041;identity|s:9:\"webmaster\";username|s:9:\"webmaster\";email|N;user_id|s:1:\"1\";old_last_login|s:10:\"1497345618\";');
INSERT INTO `ci_sessions` (`id`, `ip_address`, `timestamp`, `data`) VALUES ('t57sed9po35ted2st5eu9tipt2itr7bk', '::1', '1497519041', '__ci_last_regenerate|i:1497519041;identity|s:9:\"webmaster\";username|s:9:\"webmaster\";email|N;user_id|s:1:\"1\";old_last_login|s:10:\"1497345618\";');
INSERT INTO `ci_sessions` (`id`, `ip_address`, `timestamp`, `data`) VALUES ('v03podpqg1f0tt67dhcc2oc3fpo6eci3', '::1', '1497519200', '__ci_last_regenerate|i:1497519142;');
INSERT INTO `ci_sessions` (`id`, `ip_address`, `timestamp`, `data`) VALUES ('ffjhnmr5vqa6n73sadl335q0vh0pmlbg', '::1', '1497582460', '__ci_last_regenerate|i:1497582460;');
INSERT INTO `ci_sessions` (`id`, `ip_address`, `timestamp`, `data`) VALUES ('meiupbc9gfn34mj7joubkcta6i6ji0ok', '::1', '1497582146', '__ci_last_regenerate|i:1497582146;');
INSERT INTO `ci_sessions` (`id`, `ip_address`, `timestamp`, `data`) VALUES ('uao9gfbnmppf3f322hrcjjr9r67kk64u', '::1', '1497582146', '__ci_last_regenerate|i:1497582146;');
INSERT INTO `ci_sessions` (`id`, `ip_address`, `timestamp`, `data`) VALUES ('0149dae1rcjtgouajlab43vq2vm4kvnq', '::1', '1497582447', '__ci_last_regenerate|i:1497582447;');
INSERT INTO `ci_sessions` (`id`, `ip_address`, `timestamp`, `data`) VALUES ('femm69rmagvb430r0lt727b3auq4dk75', '::1', '1497582761', '__ci_last_regenerate|i:1497582761;');
INSERT INTO `ci_sessions` (`id`, `ip_address`, `timestamp`, `data`) VALUES ('nsn28cr8b02vtcs4q545dt70sb7derb7', '::1', '1497582916', '__ci_last_regenerate|i:1497582916;identity|s:9:\"webmaster\";username|s:9:\"webmaster\";email|N;user_id|s:1:\"1\";old_last_login|s:10:\"1497518698\";');
INSERT INTO `ci_sessions` (`id`, `ip_address`, `timestamp`, `data`) VALUES ('k52etnnqhedtm0396r7uatcib6ab16f3', '::1', '1497583287', '__ci_last_regenerate|i:1497583287;');
INSERT INTO `ci_sessions` (`id`, `ip_address`, `timestamp`, `data`) VALUES ('uuiomv0lsfo0oq2ihf6cg6focc1b2og2', '::1', '1497583217', '__ci_last_regenerate|i:1497583217;identity|s:9:\"webmaster\";username|s:9:\"webmaster\";email|N;user_id|s:1:\"1\";old_last_login|s:10:\"1497518698\";');
INSERT INTO `ci_sessions` (`id`, `ip_address`, `timestamp`, `data`) VALUES ('i7c16s6fipjlabidq3jvm52n33k61ikc', '::1', '1497584207', '__ci_last_regenerate|i:1497584207;identity|s:9:\"webmaster\";username|s:9:\"webmaster\";email|N;user_id|s:1:\"1\";old_last_login|s:10:\"1497518698\";');
INSERT INTO `ci_sessions` (`id`, `ip_address`, `timestamp`, `data`) VALUES ('9nad05vmq1auqgtdunleas58l2hmbn22', '::1', '1497583288', '__ci_last_regenerate|i:1497583287;');
INSERT INTO `ci_sessions` (`id`, `ip_address`, `timestamp`, `data`) VALUES ('js7en5ci4hg193ugubsbsj1p8kafu3lo', '::1', '1497584238', '__ci_last_regenerate|i:1497584207;identity|s:9:\"webmaster\";username|s:9:\"webmaster\";email|N;user_id|s:1:\"1\";old_last_login|s:10:\"1497518698\";');


#
# TABLE STRUCTURE FOR: groups
#

DROP TABLE IF EXISTS `groups`;

CREATE TABLE `groups` (
  `id` mediumint(8) unsigned NOT NULL AUTO_INCREMENT,
  `name` varchar(20) NOT NULL,
  `description` varchar(100) NOT NULL,
  PRIMARY KEY (`id`)
) ENGINE=InnoDB AUTO_INCREMENT=2 DEFAULT CHARSET=utf8;

INSERT INTO `groups` (`id`, `name`, `description`) VALUES ('1', 'members', 'General User');


#
# TABLE STRUCTURE FOR: login_attempts
#

DROP TABLE IF EXISTS `login_attempts`;

CREATE TABLE `login_attempts` (
  `id` int(11) unsigned NOT NULL AUTO_INCREMENT,
  `ip_address` varchar(15) NOT NULL,
  `login` varchar(100) NOT NULL,
  `time` int(11) unsigned DEFAULT NULL,
  PRIMARY KEY (`id`)
) ENGINE=InnoDB DEFAULT CHARSET=utf8;

#
# TABLE STRUCTURE FOR: users
#

DROP TABLE IF EXISTS `users`;

CREATE TABLE `users` (
  `id` int(11) unsigned NOT NULL AUTO_INCREMENT,
  `ip_address` varchar(15) NOT NULL,
  `username` varchar(100) DEFAULT NULL,
  `password` varchar(255) NOT NULL,
  `salt` varchar(255) DEFAULT NULL,
  `email` varchar(100) NOT NULL,
  `activation_code` varchar(40) DEFAULT NULL,
  `forgotten_password_code` varchar(40) DEFAULT NULL,
  `forgotten_password_time` int(11) unsigned DEFAULT NULL,
  `remember_code` varchar(40) DEFAULT NULL,
  `created_on` int(11) unsigned NOT NULL,
  `last_login` int(11) unsigned DEFAULT NULL,
  `active` tinyint(1) unsigned DEFAULT NULL,
  `first_name` varchar(50) DEFAULT NULL,
  `last_name` varchar(50) DEFAULT NULL,
  `company` varchar(100) DEFAULT NULL,
  `phone` varchar(20) DEFAULT NULL,
  PRIMARY KEY (`id`)
) ENGINE=InnoDB AUTO_INCREMENT=2 DEFAULT CHARSET=utf8;

INSERT INTO `users` (`id`, `ip_address`, `username`, `password`, `salt`, `email`, `activation_code`, `forgotten_password_code`, `forgotten_password_time`, `remember_code`, `created_on`, `last_login`, `active`, `first_name`, `last_name`, `company`, `phone`) VALUES ('1', '127.0.0.1', 'member', '$2y$08$kkqUE2hrqAJtg.pPnAhvL.1iE7LIujK5LZ61arONLpaBBWh/ek61G', NULL, 'member@member.com', NULL, NULL, NULL, NULL, '1451903855', '1451905011', '1', 'Member', 'One', NULL, NULL);


#
# TABLE STRUCTURE FOR: users_groups
#

DROP TABLE IF EXISTS `users_groups`;

CREATE TABLE `users_groups` (
  `id` int(11) unsigned NOT NULL AUTO_INCREMENT,
  `user_id` int(11) unsigned NOT NULL,
  `group_id` mediumint(8) unsigned NOT NULL,
  PRIMARY KEY (`id`)
) ENGINE=InnoDB AUTO_INCREMENT=2 DEFAULT CHARSET=utf8;

INSERT INTO `users_groups` (`id`, `user_id`, `group_id`) VALUES ('1', '1', '1');


